run_name,model_name,lr,num_seeds,best_epoch_mean,best_epoch_std,val_loss_mean,val_loss_std,val_top1_accuracy_mean,val_top1_accuracy_std,val_macro_accuracy_mean,val_macro_accuracy_std,val_top5_accuracy_mean,val_top5_accuracy_std,test_loss_mean,test_loss_std,test_top1_accuracy_mean,test_top1_accuracy_std,test_macro_accuracy_mean,test_macro_accuracy_std,test_top5_accuracy_mean,test_top5_accuracy_std
mot_base-large_1d-bs.512-ep.300,mot_base_1d,0.001,3,43.0,3.605551275463989,2.6725216672859653,0.003956529692578838,0.48349267049075845,0.003469893585421595,0.46233386794726056,0.002035525577203398,0.7259400892288081,0.0028955555619122005,2.7156561180451364,0.0037633726700858194,0.45575108390716657,0.0021069512422670546,0.4291096031665802,0.002948786338403956,0.7042846212700842,0.003036439913234047
mot_base-large_1d-bs.512-ep.300,mot_base_1d,0.003,3,42.0,1.0,1.9305009344719717,0.00339897516461682,0.6095602294455067,0.0037662936144535935,0.5925459067026774,0.0038111466494451345,0.8089228808158063,0.00022078404175512588,1.9829346759682314,0.0037741000298143305,0.5879877582249426,0.001753089401283813,0.5684343576431274,0.0014273882238783138,0.7980107115531753,0.0028882304649084822
mot_base-large_1d-bs.512-ep.300,mot_base_1d,0.01,3,39.666666666666664,3.0550504633038935,1.4066235976890822,0.0035959016464213803,0.7032504780114723,0.0010117595835810922,0.6897508303324381,0.0011306631168380742,0.8651370299553856,0.0021744706321519245,1.4567917612431396,0.004716517908413758,0.673935220606988,0.002547179846396051,0.65877632300059,0.0029680838371668157,0.8522060698801326,0.0007963527159395933
mot_base-large_1d-bs.512-ep.300,mot_base_1d,0.03,3,35.0,4.0,1.1403494431913241,0.007185949277469776,0.7511790949649458,0.001229273519565725,0.7431285182634989,0.001664927869837964,0.88578712555768,0.0007960481833522266,1.179949275208687,0.007092565457236569,0.7274929864830401,0.0026040012569066916,0.7138377825419108,0.0019600374035567926,0.8787299158377965,0.0017530894012837647
mot_base-large_1d-bs.512-ep.300,mot_base_1d,0.1,3,41.0,3.605551275463989,1.0150432321659086,0.0035571645166284555,0.7673677501593371,0.00044156808351025176,0.7613444328308105,0.0007588126307693254,0.8954748247291269,0.001886379679662074,1.0425324219886334,0.0028834576713410677,0.752614129048712,0.002714077614612709,0.7396194934844971,0.002248575664478455,0.8939046161693446,0.0009627434883028593
mot_base-large_1d-bs.512-ep.300,mot_base_1d,0.3,3,46.666666666666664,0.5773502691896257,1.0742332023294812,0.001285556190607725,0.7680050987890376,0.0005841396679357031,0.7637550234794617,0.0005403701112965496,0.8931803696622053,0.0005841396679357031,1.1057608423717045,9.514307382013049e-05,0.7512114256567202,0.001343490659634348,0.7378833492596945,0.0019341240988320126,0.8956898750318797,0.0009627434883028079
mot_base-large_1d-bs.512-ep.300,mot_base_1d,1.0,3,43.666666666666664,5.686240703077327,1.8968845724831576,0.029001736244611435,0.7511790949649458,0.0017243784905632224,0.7473282416661581,0.0016576223916626195,0.8845124282982791,0.0017524190038071819,1.9414703025710853,0.01775325378273639,0.7259627646008672,0.0017250381609881238,0.7125685016314188,0.001745273950108721,0.8900790614639122,0.0015460795272866528
mot_base-small_1d-bs.512-ep.300,mot_base_1d,0.001,3,43.333333333333336,2.309401076758503,2.17549425736592,0.008116913951119893,0.587125557680051,0.0017243784905632224,0.5688801805178324,0.001384710339065611,0.78572339069471,0.0014477777809561003,2.1882328927532138,0.002980226346537143,0.5721754654424892,0.0038509739532112826,0.5493117769559225,0.004924041830934066,0.7800306044376435,0.002129978715696282
mot_base-small_1d-bs.512-ep.300,mot_base_1d,0.003,3,43.333333333333336,1.1547005383792515,1.5423737919201435,0.0014885581577563029,0.7003186743148503,0.002305053068199509,0.6903279423713684,0.00347888895341125,0.8523900573613766,0.0010117595835810922,1.5510714228619606,0.004107477689025051,0.6920428462127008,0.004208110175975555,0.6741625666618347,0.0037419859805262333,0.8510584034685029,0.0012297437848753875
mot_base-small_1d-bs.512-ep.300,mot_base_1d,0.01,3,38.333333333333336,1.5275252316519468,1.1262280679949535,0.001884773136620748,0.777055449330784,0.0017524190038072302,0.7700702548027039,0.0025224114045192805,0.8880815806246016,0.0013429768964758194,1.1157834900182535,0.0030790917232896863,0.7736546799285896,0.0013434906596344006,0.7605345050493876,0.0017742236251525776,0.8942871716398878,0.001725038160988128
mot_base-small_1d-bs.512-ep.300,mot_base_1d,0.03,3,37.333333333333336,3.0550504633038935,0.9027132149788131,0.004165876313227693,0.8118546845124283,0.0021291641922868603,0.8083529869715372,0.0014933286255079741,0.9077119184193754,0.0007960481833522266,0.8791429168926882,0.002510999632814973,0.8170109665901556,0.0013434906596344006,0.8061010042826334,0.0016650018041178495,0.911502167814333,0.0005843631337612549
mot_base-small_1d-bs.512-ep.300,mot_base_1d,0.1,3,37.666666666666664,1.1547005383792515,0.7765848948744317,0.00035750784853745424,0.8368387507966858,0.0018863796796620101,0.8315552870432535,0.0018377599762034863,0.9218610579987253,0.0009623753263570066,0.7567183123167545,0.0004968532629896032,0.8356286661565927,0.0007963527159395933,0.8257112304369608,0.001606628446662198,0.9222137209895435,0.0005843631337612549
mot_base-small_1d-bs.512-ep.300,mot_base_1d,0.3,3,42.333333333333336,3.2145502536643185,0.7769952507821369,0.002191983584183948,0.8418100701083493,0.0013429768964757665,0.8364870150883993,0.000879700330804866,0.9324410452517526,0.0009623753263569993,0.7646025687083697,0.003107810017237969,0.8390716653914817,0.002921815668806335,0.829383114973704,0.0030828324788457146,0.9288446824789595,0.0006626055116942798
mot_base-small_1d-bs.512-ep.300,mot_base_1d,1.0,3,42.333333333333336,3.7859388972001824,1.3517465415161989,0.0035822312488885937,0.8302103250478011,0.0021291641922868104,0.8237846295038859,0.0020672889575346818,0.9287444231994901,0.0014477777809561003,1.3519357103864869,0.009928563056874345,0.8221117061973986,0.0023890581478188243,0.8108948071797689,0.0022078362122759307,0.926421831165519,0.001725038160988128
mot_base_1d-bs.512-ep.300,mot_base_1d,0.001,3,43.333333333333336,0.5773502691896257,3.0613522395273165,0.003714755294781716,0.38177182919056724,0.001886379679662042,0.36716453234354657,0.00119602297032615,0.6683237731038878,0.008596413154920286,3.0974812642617726,0.0010724815676849018,0.391354246365723,0.002758646729505736,0.3657972812652588,0.0030381883568636825,0.6606732976281561,0.00404858655097875
mot_base_1d-bs.512-ep.300,mot_base_1d,0.003,3,46.666666666666664,1.5275252316519468,2.2540580871076323,0.0018699926882791492,0.5490121096239643,0.004229613772603444,0.5404254992802938,0.005460153304804135,0.7869980879541109,0.001912045889101377,2.282860835454075,0.002636420100076221,0.555215506248406,0.0022415704962059596,0.5344095428784689,0.0020647387134383704,0.7708492731446059,0.0019127773527161662
mot_base_1d-bs.512-ep.300,mot_base_1d,0.01,3,43.333333333333336,2.309401076758503,1.6248334419051123,0.001534591700651308,0.6667941363926068,0.0024286244593062565,0.6606537898381551,0.0033249385972876954,0.8435946462715105,0.0030352787507432976,1.643322816949449,0.0013649142498514122,0.6578678908441724,0.0013434906596344058,0.6395165920257568,0.0015362619398144727,0.8358837031369548,0.0006626055116942798
mot_base_1d-bs.512-ep.300,mot_base_1d,0.03,3,39.333333333333336,2.0816659994661326,1.2859370803589878,0.0019664911339757284,0.7233906947100064,0.0009623753263569993,0.7174980839093527,0.0008266042029776478,0.8750796685787126,0.001962371487360159,1.300424420629889,0.0030534467628371216,0.7169089517980107,0.0023890581478188417,0.7005117535591125,0.002479210454346951,0.8726090283091048,0.0016675206363965564
mot_base_1d-bs.512-ep.300,mot_base_1d,0.1,3,33.666666666666664,3.5118845842842465,1.097366876158462,0.005456966085027442,0.7523263224984066,0.0015920963667045154,0.7447617053985596,0.0010897227360089723,0.8933078393881453,0.0003824091778202865,1.1103052437472665,0.005997275803632246,0.7463657230298394,0.0013252110233886237,0.7301510771115621,0.0021213745676931365,0.8885488395817394,0.0004417370077961865
mot_base_1d-bs.512-ep.300,mot_base_1d,0.3,3,35.0,2.6457513110645907,1.0678871823390477,0.005293124477074619,0.7604843849585723,0.0005841396679357636,0.7518991827964783,0.0015789050521558023,0.8996813256851498,0.0017662723340409428,1.0704025778348456,0.005169002611490032,0.7537617954603417,0.0031157336707142705,0.7389334042867025,0.0033165098710061557,0.8944146901300688,0.002129978715696282
mot_base_1d-bs.512-ep.300,mot_base_1d,1.0,3,45.333333333333336,1.1547005383792515,1.3024497198101213,0.0020963758152323544,0.7445506692160612,0.001529636711281035,0.7358824809392294,0.0021913779654797664,0.8991714467813894,0.0005841396679357031,1.2634697198806992,0.0020077077983446253,0.7484060188727366,0.0015460795272866528,0.7340874274571737,0.002016546253868369,0.8968375414435094,0.001343490659634348
mot_giant_1d-bs.512-ep.300,mot_giant_1d,0.001,3,45.666666666666664,2.0816659994661326,2.7276849147390605,0.003920251640785496,0.6073932441045252,0.006146367597828533,0.5881357192993164,0.006825317000357619,0.8043339706819631,0.0038684489242813286,2.749440739696593,0.002643375176783846,0.5964039785768936,0.0036493466006769625,0.5707424879074097,0.004912225585816896,0.8018362662586075,0.0006626055116942798
mot_giant_1d-bs.512-ep.300,mot_giant_1d,0.003,3,45.333333333333336,3.7859388972001824,1.7276551353012095,0.004941833502735311,0.7485022307202039,0.0021744706321519865,0.7425577044487,0.0019801485716962634,0.8809432759719567,0.0024881097891578364,1.7391065769249066,0.0059675650242381004,0.7556745728130579,0.0014483316362663033,0.7452459136644999,0.0012644356522465963,0.8759245090538128,0.0018871013245280522
mot_giant_1d-bs.512-ep.300,mot_giant_1d,0.01,3,41.0,4.358898943540674,1.0613983859371576,0.008713031753266164,0.8322498406628426,0.0013429768964758246,0.8289393186569214,0.0013635118361122235,0.9144678138942001,0.0015920963667045154,1.0627661858003865,0.008183450509583683,0.8390716653914817,0.0038319253255079586,0.8309483925501505,0.0040182378525449956,0.9108645753634277,0.0011476664116296664
mot_giant_1d-bs.512-ep.300,mot_giant_1d,0.03,3,42.333333333333336,5.773502691896258,0.7311072603010539,0.0032862610981917017,0.8706182281708095,0.0008831361670204394,0.8710954785346985,0.0004761358371234646,0.9319311663479923,0.0003824091778202865,0.7254081841361549,0.003677785735825369,0.8740117317010967,0.0019631222033079255,0.8666158318519592,0.0017447069142157814,0.9268043866360622,0.0005843631337613155
mot_giant_1d-bs.512-ep.300,mot_giant_1d,0.1,3,43.333333333333336,2.0816659994661326,0.5368006952406116,0.0011721256436246497,0.8944550669216061,0.0006623521252653777,0.8939088781674703,0.0009554870081105068,0.9432759719566602,0.0007960481833522887,0.524749508015935,0.002563488641890349,0.8960724305024229,0.001343490659634348,0.8886455098787943,0.0011820294657730053,0.9440193828105075,0.0004417370077961865
mot_giant_1d-bs.512-ep.300,mot_giant_1d,0.3,3,44.333333333333336,0.5773502691896257,0.4532426369729659,0.001609956954990343,0.9073295092415551,0.0005841396679357636,0.9061375459035238,0.00041299585814637003,0.9493945188017846,0.0004415680835101877,0.43867853982385946,0.0017977543444139747,0.9061463912267279,0.0019254869766056745,0.8988807201385498,0.002311282006081092,0.9546034174955369,0.0005843631337612549
mot_giant_1d-bs.512-ep.300,mot_giant_1d,1.0,3,46.0,1.0,0.8546911629846401,0.017416481827561604,0.9031230082855322,0.0005841396679357636,0.9010820388793945,0.0009645738818210471,0.9499043977055449,0.0003824091778202865,0.8126851920721574,0.008362907101841477,0.9071665391481765,0.0005843631337613155,0.899665375550588,0.0006885592191635872,0.9556235654169855,0.0007651109410864443
mot_huge-giant_1d-bs.512-ep.300,mot_huge_1d,0.001,3,45.666666666666664,1.5275252316519468,3.021453285581979,0.003710930051180273,0.5156150414276609,0.00530341467500697,0.48733729124069214,0.005894272928228145,0.7571701720841301,0.0030592734225621254,3.07312969625133,0.0067445217712244826,0.4979597041571028,0.00116872626752254,0.4654893179734548,0.0006291278418381758,0.7546544248916093,0.003831925325507949
mot_huge-giant_1d-bs.512-ep.300,mot_huge_1d,0.003,3,44.333333333333336,3.5118845842842465,1.9674536914716032,0.00574571765686093,0.6959847036328872,0.004699122649118336,0.6825468937555949,0.005267509324411248,0.8588910133843213,0.0021291641922868004,2.016569984473005,0.007997032698995524,0.6851568477429227,0.0016675206363965564,0.6639542579650879,0.0011982452938077137,0.859602142310635,0.0020242932754893227
mot_huge-giant_1d-bs.512-ep.300,mot_huge_1d,0.01,3,42.333333333333336,2.886751345948129,1.1532801718678423,0.0038273425843271688,0.8022944550669217,0.0010117595835810922,0.7959708372751871,0.0010740256825992262,0.9033779477374124,0.0005841396679357636,1.191719915209544,0.004047903544336321,0.7889568987503188,0.0012297437848753875,0.7743598024050394,0.0015882916521997906,0.8972200969140526,0.0011687262675225097
mot_huge-giant_1d-bs.512-ep.300,mot_huge_1d,0.03,3,42.666666666666664,3.0550504633038935,0.7925616272244961,0.0010072434473534636,0.8467813894200127,0.0008831361670204394,0.8415478269259135,0.0008730245264183109,0.9249203314212875,0.0005841396679357031,0.8224883032100476,0.0019768967122937796,0.8282325937260903,0.0013793233647528412,0.8153106172879537,0.0016843699445143903,0.923106350420811,0.0007651109410864443
mot_huge-giant_1d-bs.512-ep.300,mot_huge_1d,0.1,3,39.333333333333336,0.5773502691896257,0.6119784377653026,0.00042226474103263146,0.8676864244741874,0.000382409177820231,0.8636081020037333,0.0009365749666368267,0.939961759082218,0.000382409177820231,0.6279045205674466,0.00028637640501688073,0.8585819943891865,0.0005843631337612549,0.8479769825935364,0.00043506453426676937,0.9358581994389187,0.0007963527159395933
mot_huge-giant_1d-bs.512-ep.300,mot_huge_1d,0.3,3,39.333333333333336,4.163331998932265,0.5565050629615176,0.002645172519253366,0.8749521988527724,0.0016668829612010408,0.8721666733423868,0.0021390416998938473,0.9465901848311026,0.0011682793358714788,0.5733245140859832,0.0029393181421815805,0.8618974751338945,0.00232699408198098,0.8526414632797241,0.002879256220552686,0.9444019382810507,0.0007963527159395933
mot_huge-giant_1d-bs.512-ep.300,mot_huge_1d,1.0,3,40.333333333333336,4.041451884327381,0.6604261705873877,0.009663716427502897,0.868706182281708,0.0024881097891578364,0.8664248983065287,0.0029918814878288464,0.9478648820905035,0.0007960481833522887,0.6982759226648456,0.003527135894207293,0.8587095128793675,0.0015460795272866528,0.8509005506833395,0.0015545258286567506,0.9419790869676103,0.0005843631337612549
mot_huge-large_1d-bs.512-ep.300,mot_huge_1d,0.001,3,46.666666666666664,2.309401076758503,2.9737082720258723,0.007323964792379608,0.4695984703632887,0.003311760626326728,0.4503682653109233,0.003189446343148998,0.7261950286806884,0.007009676015228824,2.9720608770345676,0.010031700530986168,0.47462382045396584,0.0061248711851684965,0.44306014974912006,0.005548833002247802,0.7305534302473858,0.0015927054318791865
mot_huge-large_1d-bs.512-ep.300,mot_huge_1d,0.003,3,45.0,2.0,2.057727657631752,0.0008541779470614173,0.6411727214786488,0.002818781948692956,0.6293131113052368,0.0037892799718479424,0.8275334608030592,0.0030592734225621254,2.0646912385784404,0.003675752444560574,0.6356796735526652,0.0032535962311076422,0.6105910142262777,0.002839071515493781,0.8316755929609794,0.004344994908799037
mot_huge-large_1d-bs.512-ep.300,mot_huge_1d,0.01,3,39.0,2.6457513110645907,1.324640893297943,0.006272272972752794,0.7416188655194391,0.0015454882922858217,0.7347483237584432,0.0011128054917339055,0.8894837476099426,0.0017524190038071819,1.3318845607346037,0.008582480338888044,0.7438153532262178,0.001343490659634348,0.7285422484079996,0.0015633339170911407,0.8858709512879367,0.0012297437848753875
mot_huge-large_1d-bs.512-ep.300,mot_huge_1d,0.03,3,42.666666666666664,2.886751345948129,0.9585381402720152,0.0023620900627890945,0.7978330146590185,0.0004415680835101877,0.7936137715975443,0.0008383531382268995,0.912810707456979,0.0,0.9557476469340053,0.0011935482746136899,0.8048967100229534,0.0013793233647529028,0.7925185163815817,0.0016358157165591923,0.9095893904616169,0.00022086850389809324
mot_huge-large_1d-bs.512-ep.300,mot_huge_1d,0.1,3,41.0,4.58257569495584,0.794608902551324,0.004744310583107994,0.8224346717654557,0.0011039202087755652,0.8211479385693868,0.0016531539724414647,0.9224984066284257,0.0015454882922858217,0.778756124150598,0.006137249664474391,0.8232593726090284,0.0033350412727931765,0.811370054880778,0.004082241749044264,0.9228513134404489,0.0005843631337612549
mot_huge-large_1d-bs.512-ep.300,mot_huge_1d,0.3,3,38.0,3.0,0.7971356583370989,0.0036312311713831724,0.8247291268323773,0.00022078404175512588,0.8229096531867981,0.000302386317711413,0.9235181644359465,0.0006623521252653777,0.7688770532547227,0.004167088738291027,0.824534557510839,0.0011687262675225702,0.81255970398585,0.002169311242580252,0.9227237949502678,0.0006626055116942798
mot_huge-large_1d-bs.512-ep.300,mot_huge_1d,1.0,3,41.666666666666664,8.504900548115382,1.4210816550513146,0.011865201145139472,0.8105799872530274,0.0014477777809561003,0.8103921810785929,0.0019904325262903033,0.9221159974506055,0.0007960481833522266,1.3636753828481156,0.03221454033709861,0.8096148941596532,0.0007963527159395933,0.7976354757944742,0.0009510169077805117,0.924764090793165,0.0011687262675225097
mot_huge_1d-bs.512-ep.300,mot_huge_1d,0.001,3,48.0,1.7320508075688772,2.742878512108379,0.003933139775418467,0.5762906309751434,0.002326104218087324,0.5581293900807699,0.0027924980350186256,0.8010197578075207,0.00342749003435275,2.761125083481648,0.0035957491288587467,0.5730680948737567,0.0055172934590114265,0.5467499494552612,0.005412894097221343,0.8004335628666157,0.003533896062369556
mot_huge_1d-bs.512-ep.300,mot_huge_1d,0.003,3,44.0,1.7320508075688772,1.7309478079003844,0.002113561734717852,0.7275971956660293,0.0018071952681654596,0.7190593282381693,0.0015979930967657168,0.8781389420012747,0.0013429768964757665,1.7541155290980632,0.002476488905655034,0.7186942106605457,0.002106951242267026,0.7007093628247579,0.001581557192561819,0.8699311400153023,0.0
mot_huge_1d-bs.512-ep.300,mot_huge_1d,0.01,3,40.333333333333336,4.509249752822894,1.0509693617422615,0.007365727149146565,0.8105799872530274,0.002106145524774803,0.8043328722318014,0.00265239607772239,0.9121733588272786,0.0011039202087756294,1.0780859205133602,0.006656189588502675,0.8008161183371589,0.0011043425194904662,0.7873308261235555,0.0011608046795625812,0.9071665391481765,0.0005843631337613155
mot_huge_1d-bs.512-ep.300,mot_huge_1d,0.03,3,34.333333333333336,3.0550504633038935,0.753649164203476,0.007298225894735123,0.8509878903760357,0.0005841396679357636,0.8459638953208923,0.0003891794028611969,0.9292543021032504,0.000382409177820231,0.7762736996896593,0.00734239834202111,0.8423871461361897,0.003036439913234047,0.8304405411084493,0.0026119292962500556,0.9242540168324407,0.0007651109410864443
mot_huge_1d-bs.512-ep.300,mot_huge_1d,0.1,3,35.0,6.244997998398398,0.587977829976322,0.005153148064961523,0.8726577437858508,0.0006623521252653135,0.8701421221097311,0.00030987588271173225,0.938687061822817,0.00044156808351025176,0.5966237658476592,0.006237130146314991,0.8635552155062485,0.0005843631337612549,0.8534222443898519,0.0007466756482790134,0.9422341239479725,0.0007651109410864443
mot_huge_1d-bs.512-ep.300,mot_huge_1d,0.3,3,37.0,7.54983443527075,0.5424341189625767,0.0028801381919445527,0.8782664117272148,0.0007960481833522887,0.8771296540896097,0.0008137040685840729,0.9465901848311026,0.0007960481833522443,0.5405395004828953,0.0039200249223210705,0.8686559551134915,0.0023059348788606565,0.8579884966214498,0.002545314348496626,0.9492476409079317,0.000883474015592373
mot_huge_1d-bs.512-ep.300,mot_huge_1d,1.0,3,42.666666666666664,3.0550504633038935,0.657553176199121,0.007414223134076828,0.8711281070745698,0.0020235191671622056,0.8695338368415833,0.0022388535550799953,0.9492670490758445,0.0009623753263569993,0.6414943362826809,0.006325496778123154,0.8653404743687835,0.004411844909973555,0.8528003692626953,0.004724190128448919,0.9500127518490181,0.0005843631337612549
mot_large-base_1d-bs.512-ep.300,mot_large_1d,0.001,3,44.0,0.0,4.127864264347814,0.0015905328780177431,0.17221159974506053,0.0019247506527140317,0.14326935509840646,0.0024547294362745084,0.37845761631612496,0.005853900575247945,4.156924745131135,0.0002047088855211301,0.1541698546289212,0.002129978715696265,0.1310323973496755,0.0013664306823064187,0.36291762305534303,0.005193933143181913
mot_large-base_1d-bs.512-ep.300,mot_large_1d,0.003,3,42.333333333333336,4.163331998932265,3.5887806198868955,0.007115337884209882,0.3135755258126195,0.001378795898839008,0.291713406642278,0.0001669382198357218,0.5775653282345443,0.003553182884580338,3.6221175267969397,0.006563260310056123,0.29035960214231066,0.003506178802567614,0.2652427057425181,0.0022263363411510703,0.5558530986993114,0.004259957431392505
mot_large-base_1d-bs.512-ep.300,mot_large_1d,0.01,3,46.333333333333336,1.5275252316519468,2.7703538591957457,0.0013043109705628767,0.45634161886551944,0.0011039202087755652,0.44252562522888184,0.0023974848641683537,0.7119184193753983,0.001962371487360159,2.8082951412186334,0.0015544826375055668,0.4302473858709513,0.0032982701240442626,0.40612199902534485,0.002985263383946815,0.692297883193063,0.0028712905506752123
mot_large-base_1d-bs.512-ep.300,mot_large_1d,0.03,3,49.333333333333336,0.5773502691896257,2.0666418062189416,0.0006276868663833474,0.5743785850860421,0.000382409177820231,0.5691546400388082,0.0005329282599324721,0.7949012109623964,0.0005841396679357636,2.1119098317954528,0.0008703962926203102,0.5499872481509819,0.0023059348788606504,0.530859371026357,0.00282492499356089,0.7823259372609028,0.0010121466377446613
mot_large-base_1d-bs.512-ep.300,mot_large_1d,0.1,3,43.666666666666664,1.1547005383792515,1.5316302419240646,0.007203483546543777,0.6651370299553856,0.0019247506527140575,0.6616083383560181,0.0027380220075921406,0.841555130656469,0.003297008835277953,1.582893669286026,0.009932899479643957,0.6451160418260647,0.004213902484534116,0.6283834973971049,0.0028041678346256566,0.8389441469013007,0.002508583980222604
mot_large-base_1d-bs.512-ep.300,mot_large_1d,0.3,3,48.333333333333336,1.1547005383792515,1.4925696407631752,0.007516492074236194,0.6832377310388783,0.0005841396679357031,0.6810653805732727,0.0008904071475493893,0.8578712555768006,0.00022078404175512588,1.5613458162058194,0.009351493628341832,0.6790359602142311,0.002295332823259333,0.6643135150273641,0.001738916774095117,0.8550114766641163,0.001530221882172944
mot_large-base_1d-bs.512-ep.300,mot_large_1d,1.0,3,49.0,0.0,3.918242122535876,0.01305428606713654,0.6771191841937539,0.0024881097891578364,0.6762803991635641,0.0032994475627400525,0.8535372848948375,0.0006623521252653777,4.101722069341168,0.017787755133701583,0.6740627390971691,0.0023890581478187797,0.6601391633351644,0.003011280958640738,0.8509308849783219,0.0018871013245279884
mot_large-huge_1d-bs.512-ep.300,mot_large_1d,0.001,3,44.0,3.0,2.535387475601498,0.008819237053534284,0.469980879541109,0.0031301540236606073,0.4533785879611969,0.0018018198854444446,0.7203314212874442,0.004053056238517416,2.6011699665811894,0.005789541117123246,0.46608008161183373,0.00180788662060161,0.4425097505251567,0.0028546669278440235,0.705559806171895,0.00361577324120322
mot_large-huge_1d-bs.512-ep.300,mot_large_1d,0.003,3,46.333333333333336,0.5773502691896257,1.8811998210491232,0.005550968096293588,0.6063734862970045,0.0028955555619121615,0.595092793305715,0.0029316833189028954,0.804206500956023,0.002757591797678016,1.9497203822039852,0.0030649569801246227,0.5874776842642183,0.0032535962311076444,0.5691850582758585,0.0041367736698242445,0.794312675337924,0.005729824518913798
mot_large-huge_1d-bs.512-ep.300,mot_large_1d,0.01,3,44.333333333333336,5.033222956847166,1.4314165225980233,0.004018058763232266,0.6894837476099427,0.002757591797678016,0.6817308266957601,0.0028155335033103195,0.8490758444869344,0.002240713299075461,1.4835567644620786,0.002823401422056925,0.677250701351696,0.0023059348788606565,0.6598707040150961,0.001129445419824764,0.847870441213976,0.0015927054318792488
mot_large-huge_1d-bs.512-ep.300,mot_large_1d,0.03,3,38.0,3.605551275463989,1.23796647790893,0.004165166447136218,0.7217335882727852,0.0008831361670205035,0.71406356493632,0.0004649120581778054,0.8730401529636711,0.0017524190038071819,1.2744127238049126,0.005941712947914539,0.7125733231318542,0.0027674744216030136,0.698960542678833,0.0030269828649557764,0.8652129558786024,0.0015927054318791865
mot_large-huge_1d-bs.512-ep.300,mot_large_1d,0.1,3,45.0,5.291502622129181,1.2380566871113043,0.00450738134117809,0.7273422562141492,0.0003824091778202865,0.72349613904953,0.0006943534667271938,0.877119184193754,0.0005841396679357031,1.2624913721296198,0.007444446597566757,0.7214996174445295,0.00038255547054327765,0.7080022891362509,0.0004149656034664921,0.8723539913287427,0.0011687262675225097
mot_large-huge_1d-bs.512-ep.300,mot_large_1d,0.3,3,41.333333333333336,3.5118845842842465,1.765716530366488,0.01519919156036389,0.7079668578712556,0.001962371487360159,0.7035868565241495,0.002160766169647727,0.8710006373486298,0.001545488292285817,1.7920102540463458,0.023800480494629548,0.6996939556235654,0.0011476664116296664,0.6854817469914755,0.0022577283687694144,0.8701861769956644,0.0018078866206015787
mot_large-huge_1d-bs.512-ep.300,mot_large_1d,1.0,3,36.0,3.605551275463989,5.689476479019156,0.08767035468336085,0.7004461440407903,0.004016813577205515,0.695941706498464,0.003828769685235362,0.8666666666666667,0.002685953792951644,5.806697064229221,0.13254915058674066,0.6928079571537873,0.007679747475089792,0.6777300635973612,0.0071209526787615616,0.8627901045651619,0.0007963527159396555
mot_large_1d-bs.512-ep.300,mot_large_1d,0.001,3,44.0,3.0,2.461229325070208,0.0052614553443994004,0.547100063734863,0.003634564035534303,0.5354326367378235,0.005057288332154242,0.7597195666029318,0.00787738154517801,2.4923240790042427,0.0009818383042305848,0.5354501402703392,0.0024594875697508383,0.5138235290845236,0.0023669542574622938,0.7570772762050497,0.004653988163961896
mot_large_1d-bs.512-ep.300,mot_large_1d,0.003,3,44.0,2.0,1.6984281521682303,0.0015237099932591143,0.681453154875717,0.002757591797678031,0.6738305886586508,0.0027072697800005173,0.8535372848948375,0.002986711157134431,1.7380558793200003,0.004434056056574913,0.6652639632746749,0.0026778882938025945,0.6472938656806946,0.0029777067952099735,0.8441724049987248,0.0011043425194904662
mot_large_1d-bs.512-ep.300,mot_large_1d,0.01,3,43.0,3.605551275463989,1.170699376433879,0.002519249143245711,0.7664754620777565,0.0019247506527140575,0.7612520654996237,0.002174529495196067,0.9012109623964308,0.001229273519565725,1.2161019526401122,0.004530219963971661,0.7492986483040041,0.0033423469579395996,0.7350061933199564,0.004056248814531878,0.8914817648559041,0.0004417370077961865
mot_large_1d-bs.512-ep.300,mot_large_1d,0.03,3,39.666666666666664,1.5275252316519468,0.9036670675089284,0.001795586256180074,0.8082855321861058,0.0005841396679357636,0.8035874764124552,0.0002152067308004294,0.9223709369024856,0.000382409177820231,0.950662166359047,0.001019773986263896,0.7946952308084673,0.0015460795272866528,0.7828562259674072,0.00217721706545181,0.9093343534812548,0.0
mot_large_1d-bs.512-ep.300,mot_large_1d,0.1,3,34.333333333333336,2.0816659994661326,0.7762494541263033,0.0016589029354249739,0.82855321861058,0.0018863796796620364,0.8241962989171346,0.0022838590772223328,0.9286169534735501,0.00022078404175512588,0.8165419684840356,0.001863700609453129,0.8096148941596532,0.0005843631337612549,0.7993940313657125,0.0005998159077869006,0.9205559806171896,0.00022086850389809324
mot_large_1d-bs.512-ep.300,mot_large_1d,0.3,3,39.333333333333336,2.516611478423583,0.788374999649894,0.00226320710576305,0.8275334608030593,0.0016668829612010408,0.8224693536758423,0.0016257059245972777,0.9325685149776928,0.0015454882922858217,0.8133999124773605,0.004599007898685175,0.8158633001785259,0.0019631222033079255,0.8069533109664917,0.0021391394532360953,0.9290997194593216,0.0011043425194904662
mot_large_1d-bs.512-ep.300,mot_large_1d,1.0,3,40.0,3.4641016151377544,1.3742522259743217,0.0075539610222676926,0.8098151688973869,0.0017243784905632757,0.8045225143432617,0.0026610698967777253,0.930146590184831,0.0009623753263569993,1.3857985187385558,0.026881121771668695,0.8022188217291507,0.003036439913234026,0.7916824817657471,0.002192676581785994,0.9271869421066055,0.0011043425194904662
mot_small-base_1d-bs.512-ep.300,mot_small_1d,0.001,3,46.0,2.6457513110645907,2.7984032401771133,0.005124816778117565,0.4558317399617591,0.005774251958142069,0.4403488337993622,0.004449482130087723,0.7052899936265137,0.0034274900343528136,2.8164626240456663,0.0005215351124813126,0.4600867125733231,0.004752523630090322,0.43381890654563904,0.0053107210781257646,0.7096403978576894,0.002758646729505744
mot_small-base_1d-bs.512-ep.300,mot_small_1d,0.003,3,43.333333333333336,0.5773502691896257,2.0079432529427583,0.0016718914942237958,0.6117272147864882,0.0015454882922857711,0.6038384636243185,0.0019046800675637397,0.8008922880815806,0.0030672299338472646,2.022815626514593,0.00015989189229710817,0.605330272889569,0.0015927054318792488,0.5871762235959371,0.0019624635147045834,0.8009436368273399,0.0009627434883028079
mot_small-base_1d-bs.512-ep.300,mot_small_1d,0.01,3,44.666666666666664,0.5773502691896257,1.46294195346577,0.00046078376140263054,0.6934353091140855,0.002174470632151941,0.6897111932436625,0.001805178929151209,0.8578712555768006,0.002240713299075461,1.469765664849528,0.0006778545644058364,0.6942106605457791,0.0022086850389809324,0.6793910264968872,0.0027696585998562293,0.8537362917623055,0.0015927054318791865
mot_small-base_1d-bs.512-ep.300,mot_small_1d,0.03,3,39.666666666666664,5.686240703077327,1.1835866360393885,0.004294310990728245,0.7361376673040153,0.000764818355640573,0.7347790996233622,0.0014715352517121482,0.8834926704907584,0.0024286244593062565,1.185705274928744,0.0048596269486918375,0.7368018362662586,0.0017530894012837647,0.723494311173757,0.0017921471904179934,0.8783473603672532,0.0006626055116942798
mot_small-base_1d-bs.512-ep.300,mot_small_1d,0.1,3,40.333333333333336,2.886751345948129,1.0268768903782142,0.00034284367540586303,0.7658381134480561,0.001592096366704471,0.7659492293993632,0.0020145968368768,0.8964945825366476,0.0007960481833522887,1.0320255704693453,0.0010042224241094402,0.7578423871461362,0.0011476664116296664,0.7443538705507914,0.0011404255833410203,0.8926294312675338,0.000883474015592373
mot_small-base_1d-bs.512-ep.300,mot_small_1d,0.3,3,39.0,5.291502622129181,1.021079470049127,0.005793569100597854,0.7742511153601019,0.0011039202087755652,0.7742536266644796,0.001763217187249634,0.9052899936265136,0.002766416113984802,1.02666623748647,0.010579975060981963,0.7602652384595766,0.007078137764028528,0.7462416291236877,0.007125464102779335,0.8982402448355011,0.0006626055116942798
mot_small-base_1d-bs.512-ep.300,mot_small_1d,1.0,3,41.0,1.7320508075688772,1.3367472097325128,0.013444451890982579,0.7571701720841301,0.0007648183556405175,0.7549459934234619,0.0007958680391255846,0.9033779477374123,0.0013429768964758194,1.3296186500165998,0.007656309800117758,0.7441979086967611,0.0031157336707142067,0.7323033412297567,0.00303160908140293,0.8964549859729661,0.0011043425194904662
mot_small-tiny_1d-bs.512-ep.300,mot_small_1d,0.001,3,47.333333333333336,1.5275252316519468,4.101558683843959,0.003390715205852019,0.14416826003824093,0.00767681066917198,0.12218644718329112,0.009181439276725887,0.3787125557680051,0.010551537074098083,4.125470109631656,0.0041366655137795826,0.13771996939556236,0.010413663036584695,0.11493118355671565,0.010109564130797138,0.3636827339964295,0.00789894448658432
mot_small-tiny_1d-bs.512-ep.300,mot_small_1d,0.003,3,46.666666666666664,1.5275252316519468,3.5343890625933616,0.0025718035275742947,0.2910133843212237,0.005659139038986107,0.2686951359113057,0.005507533084499162,0.5789674952198853,0.0038810292791939868,3.5704067982267707,0.0033751760628168755,0.2885743432797756,0.007730397636433403,0.260141263405482,0.007218345726809935,0.5592960979342004,0.0028882304649084822
mot_small-tiny_1d-bs.512-ep.300,mot_small_1d,0.01,3,45.333333333333336,3.2145502536643185,2.682432432642706,0.002121905641346591,0.4837476099426386,0.0023881445500567506,0.4669205645720164,0.002846495826178013,0.7244104525175271,0.00044156808351025176,2.740768119346971,0.0027703307928298266,0.45664371333843407,0.0037155833420896333,0.4317152996857961,0.004420137162087725,0.7104055087987758,0.004259957431392505
mot_small-tiny_1d-bs.512-ep.300,mot_small_1d,0.03,3,42.0,2.0,1.9983345834064667,0.00272273360394062,0.6061185468451242,0.0017524190038072302,0.5999143719673157,0.0023597265702602725,0.7954110898661568,0.000382409177820231,2.059681280204697,0.002087821156649232,0.5762560571282836,0.0014483316362663033,0.5580781499544779,0.0016149939792963995,0.7907421576128538,0.0016675206363966199
mot_small-tiny_1d-bs.512-ep.300,mot_small_1d,0.1,3,43.333333333333336,4.163331998932265,1.5034350043273108,0.004772629507387415,0.6859145952836202,0.0013429768964758194,0.6824455857276917,0.0018106164928063577,0.8458891013384321,0.0007648183556405175,1.53634051649098,0.0052945804451831205,0.6643713338434073,0.0014483316362663423,0.6503116687138876,0.0024408522374435,0.8469778117827085,0.0013793233647528412
mot_small-tiny_1d-bs.512-ep.300,mot_small_1d,0.3,3,43.333333333333336,1.5275252316519468,1.238888810439198,0.00557199910040669,0.7208413001912046,0.0010117595835810922,0.7171652913093567,0.0009471578980399074,0.8708731676226896,0.0022078404175511304,1.2392951330035598,0.004979761355758896,0.7170364702881917,0.0026869813192687535,0.7034005522727966,0.0021780645364019016,0.8749043611323641,0.0013252110233886237
mot_small-tiny_1d-bs.512-ep.300,mot_small_1d,1.0,3,45.666666666666664,3.7859388972001824,1.126034956543669,0.012407422438828475,0.7366475462077756,0.0005841396679357031,0.7335361440976461,0.0013305776393377127,0.8841300191204589,0.003267305447540163,1.1104847140167478,0.008849125950276983,0.7417750573833206,0.0026778882938025945,0.7270678281784058,0.0029578980684359024,0.8904616169344555,0.00022086850389809324
mot_small_1d-bs.512-ep.300,mot_small_1d,0.001,3,46.0,2.6457513110645907,4.237671600594651,0.006252049223112536,0.12581261950286807,0.0032673054475401715,0.10002178698778152,0.002554096818699183,0.3251752708731676,0.003772759359324084,4.24814470870493,0.006145759483247372,0.1197398622800306,0.004653988163961908,0.09449108938376109,0.004182773418013419,0.3091048201989288,0.0011476664116296942
mot_small_1d-bs.512-ep.300,mot_small_1d,0.003,3,44.0,1.7320508075688772,3.730123664073081,0.004250720469290538,0.27138304652644996,0.00260300546292699,0.24556816617647806,0.0031552568336254533,0.5546207775653282,0.004016813577205515,3.7411028514921405,0.0045987155454361274,0.2697016067329763,0.0011476664116296942,0.23979773124059042,0.0009771858481601012,0.5437388421321092,0.00456402197607074
mot_small_1d-bs.512-ep.300,mot_small_1d,0.01,3,45.666666666666664,1.5275252316519468,2.8673928527637527,0.0023487987149518317,0.44435946462715104,0.0007648183556405452,0.4258149166901906,0.0012955847574912926,0.7193116634799235,0.0021291641922868004,2.8866521946722923,0.0025080270560339946,0.44376434583014535,0.000765110941086472,0.4179009993871053,0.00075488652281772,0.7047946952308085,0.003471221012194949
mot_small_1d-bs.512-ep.300,mot_small_1d,0.03,3,40.666666666666664,1.1547005383792515,2.102434433304329,0.0037696214786321794,0.5861057998725303,0.0005841396679357031,0.5778650641441345,0.0008372635555156366,0.8008922880815806,0.0017243784905632224,2.119247045422111,0.0035960073792864057,0.5774037235399133,0.0012297437848753875,0.554646372795105,0.001368659577306012,0.8064269319051263,0.0010121466377446613
mot_small_1d-bs.512-ep.300,mot_small_1d,0.1,3,45.666666666666664,2.516611478423583,1.5059513760646337,0.0014269725219424865,0.6851497769279796,0.0018071952681654596,0.6812756260236105,0.0016458964223289407,0.859910771191842,0.001229273519565702,1.5058362445670772,0.001812341455899554,0.6906401428207091,0.0009627434883028079,0.6721772154172262,0.00102467484033571,0.8598571792909971,0.001343490659634348
mot_small_1d-bs.512-ep.300,mot_small_1d,0.3,3,47.333333333333336,0.5773502691896257,1.1826031997904343,0.0006134088215490843,0.7377947737412365,0.00022078404175512588,0.7351688742637634,0.00033867133099359736,0.8861695347355003,0.00022078404175512588,1.1737533113051057,0.0003361697719225732,0.7453455751083907,0.0022415704962059596,0.7290238936742147,0.002476874683676366,0.8886763580719205,0.001147666411629722
mot_small_1d-bs.512-ep.300,mot_small_1d,1.0,3,46.666666666666664,1.1547005383792515,0.992139087869074,0.0031196673316311653,0.7664754620777565,0.0015454882922858217,0.7633028030395508,0.0011401060969610647,0.9021032504780114,0.0007648183556405175,0.980934251057071,0.0005520978392643651,0.7712318286151492,0.0013252110233886237,0.7565207878748575,0.0015187517395104106,0.902958428972201,0.0004417370077961865
mot_tiny-small_1d-bs.512-ep.300,mot_tiny_1d,0.001,3,45.0,2.0,3.475306554810115,0.009075531048353954,0.31102613129381773,0.0027130397264235454,0.29132217168807983,0.004300032943183891,0.5715742511153601,0.008310987030058899,3.4994914573663594,0.007917024267006318,0.2991583779648049,0.0029878537398265823,0.27361395955085754,0.0019252050924734886,0.5642693190512624,0.004137970094258632
mot_tiny-small_1d-bs.512-ep.300,mot_tiny_1d,0.003,3,43.333333333333336,1.1547005383792515,2.6548651272814467,0.007230625306239275,0.4910133843212237,0.003974112751592073,0.4802754720052083,0.004685520502652798,0.7117909496494582,0.0027130397264235155,2.6919946074637795,0.005366660759533093,0.4820198928844682,0.0030604437643458327,0.45783040920893353,0.002793933567527103,0.710660545779138,0.0070574313195723975
mot_tiny-small_1d-bs.512-ep.300,mot_tiny_1d,0.01,3,44.666666666666664,1.5275252316519468,1.9087622064477399,0.0031223627607834454,0.6160611854684512,0.001147227533460804,0.6092817982037863,0.0010583684618892236,0.7926067558954748,0.001592096366704471,1.9481917655884504,0.0008697563240770416,0.5964039785768936,0.0020242932754893227,0.5781106948852539,0.0022402628265961494,0.7964804896710023,0.0023890581478188243
mot_tiny-small_1d-bs.512-ep.300,mot_tiny_1d,0.03,3,36.333333333333336,1.1547005383792515,1.5000359816639344,0.0034305989170691914,0.6773741236456342,0.002240713299075461,0.6719571550687155,0.001317227415347931,0.8378585086042065,0.0013787958988389617,1.5273163408018198,0.0019947636528768456,0.667176740627391,0.0007651109410864443,0.6504448056221008,0.0006851428121197628,0.8399642948227493,0.0019254869766056157
mot_tiny-small_1d-bs.512-ep.300,mot_tiny_1d,0.1,3,39.666666666666664,3.7859388972001824,1.2334734895413206,0.005594021592305091,0.7203314212874442,0.0005841396679357636,0.7172422409057617,0.00031596534073413354,0.8646271510516252,0.0013247042505306911,1.2477306476876127,0.005555366707206115,0.7100229533282326,0.003400227397595849,0.6945335666338602,0.003063241018628778,0.8675082887018618,0.0015460795272867125
mot_tiny-small_1d-bs.512-ep.300,mot_tiny_1d,0.3,3,43.333333333333336,1.5275252316519468,1.122924926495233,0.008084703656204003,0.7325685149776928,0.0004415680835101877,0.7294240395228068,0.0014098401076501265,0.8808158062460166,0.0007960481833522887,1.1290681095215716,0.007621722163781722,0.7302983932670237,0.0035061788025675896,0.7145376801490784,0.002900309031563484,0.8817903596021424,0.0036892313546262254
mot_tiny-small_1d-bs.512-ep.300,mot_tiny_1d,1.0,3,49.0,1.0,1.3758025709727222,0.011180798691125055,0.7315487571701721,0.0020235191671622056,0.7292774717013041,0.0013255736408881735,0.8887189292543021,0.0007648183556405175,1.3657358281924328,0.004788061085303897,0.7299158377964805,0.0013793233647528412,0.7149840394655863,0.0016911018873866461,0.8853608773272125,0.0007963527159395933
mot_tiny_1d-bs.512-ep.300,mot_tiny_1d,0.001,3,45.0,1.0,2.757158308351321,0.003982043492015255,0.4995538559592097,0.0015454882922857963,0.4736924370129903,0.0029724301355536368,0.7289993626513703,0.0028955555619122005,2.7896337278094165,0.002793600901155872,0.48418770721754656,0.010930201843458127,0.45796717206637066,0.009077344600552867,0.7174190257587351,0.0022415704962058967
mot_tiny_1d-bs.512-ep.300,mot_tiny_1d,0.003,3,45.666666666666664,3.7859388972001824,1.8841671614832296,0.0015765557280614162,0.6650095602294455,0.0015296367112810905,0.6551866928736368,0.0025930901635432325,0.835691523263225,0.003469893585421574,1.9053198987809532,0.0019074656604743734,0.6593981127263453,0.0015927054318791865,0.6400519410769144,0.002349057352685344,0.8263198163733741,0.0030364399132339842
mot_tiny_1d-bs.512-ep.300,mot_tiny_1d,0.01,3,42.0,5.0,1.2901559458939873,0.003929120218537275,0.7544933078393882,0.0006623521252653135,0.7481879790623983,0.0008789619860563695,0.8822179732313575,0.0006623521252653777,1.2888681348018942,0.005962552443669423,0.7543993879112472,0.0021299787156962725,0.741231362024943,0.0020732500580350186,0.8904616169344555,0.00022086850389809324
mot_tiny_1d-bs.512-ep.300,mot_tiny_1d,0.03,3,39.0,5.196152422706632,1.000376788030543,0.003316674948158139,0.798597833014659,0.0009623753263570066,0.7942068179448446,0.0009623267073695412,0.9015933715742511,0.0005841396679357151,0.978649418623403,0.0035843683669355285,0.797755674572813,0.0021069512422670833,0.7889245549837748,0.001978265240924365,0.9154552410099465,0.0010121466377446613
mot_tiny_1d-bs.512-ep.300,mot_tiny_1d,0.1,3,33.333333333333336,3.7859388972001824,0.8401467743308929,0.00620071126274955,0.8183556405353728,0.0006623521252653135,0.8147067427635193,0.00027877845533765845,0.9170172084130019,0.0003824091778202865,0.8130244274766918,0.0066709661325590665,0.8201989288446825,0.0019878165350828395,0.8106330434481303,0.001731775978707124,0.9239989798520786,0.002175302487787769
mot_tiny_1d-bs.512-ep.300,mot_tiny_1d,0.3,3,39.333333333333336,2.516611478423583,0.790717885082432,0.0013320323071361795,0.8246016571064373,0.00022078404175512588,0.8212759693463644,0.0005936577417273062,0.9237731038878266,0.0005841396679357636,0.772165366564135,0.0019183052071559815,0.8231318541188473,0.0017250381609881238,0.8142044146855673,0.001985010765698741,0.9302473858709512,0.0005843631337612549
mot_tiny_1d-bs.512-ep.300,mot_tiny_1d,1.0,3,41.666666666666664,2.516611478423583,0.9487490190222736,0.001478944704987627,0.8149139579349904,0.0006623521252653777,0.8114193081855774,0.0010070209109454124,0.9237731038878266,0.0005841396679357636,0.9433908421176637,0.0017222903219545527,0.8121652639632747,0.0013793233647529028,0.802649716536204,0.001523744254052927,0.9301198673807702,0.0005843631337612549
