epoch,learning_rate,train_loss,train_top1_accuracy,train_macro_accuracy,train_top5_accuracy,val_loss,val_top1_accuracy,val_macro_accuracy,val_top5_accuracy
1,5.9999999999999995e-05,3.446272067299626,0.4263721552878179,0.4043835401535034,0.6449129852744311,2.483432421128107,0.7082217973231357,0.6975820064544678,0.8669216061185469
2,0.00011999999999999999,1.9766666179725558,0.7823197552113215,0.7714993357658386,0.9046662841843565,1.241117949330784,0.8512428298279159,0.8444166779518127,0.9304015296367113
3,0.00017999999999999998,1.058789461731432,0.8777012813157391,0.8716329336166382,0.9364123159303882,0.6675814860181645,0.902868068833652,0.8985717296600342,0.9449330783938814
4,0.00023999999999999998,0.6336420483446915,0.9080130043985466,0.9038630723953247,0.9506119716963091,0.4807458939561424,0.9116634799235181,0.911377489566803,0.9537284894837476
5,0.0003,0.4610882290156491,0.9178141135972461,0.9148425459861755,0.9593134442532033,0.4065337026096439,0.9196940726577438,0.9173120856285095,0.9548757170172084
6,0.0003,0.3496929509595512,0.9302447886785237,0.9274967908859253,0.970501051826353,0.36316443127838194,0.9204588910133843,0.918022632598877,0.9567877629063097
7,0.00029991651377767303,0.2823372566151697,0.938659399502773,0.9360691905021667,0.9771944922547332,0.33109203214627153,0.9235181644359465,0.9231995940208435,0.9652007648183556
8,0.0002996661483541614,0.23312816588640167,0.9465480971505068,0.9444893002510071,0.983744501816791,0.30375733822299233,0.9269598470363288,0.9254040718078613,0.9690248565965583
9,0.00029924918335573134,0.1968574250267623,0.953241537578887,0.9510625600814819,0.9880474278064639,0.3314247320988438,0.9216061185468452,0.92145174741745,0.9648183556405354
10,0.0002986660844791396,0.16967557392035554,0.9588353413654619,0.957449197769165,0.9902467010900746,0.31455817724049207,0.9307839388145316,0.930247962474823,0.9636711281070746
11,0.00029791750297150925,0.13970681102787885,0.964859437751004,0.9633276462554932,0.9942149550583286,0.2840731998246669,0.935755258126195,0.9337917566299438,0.967112810707457
12,0.0002970042749029697,0.11622355154240467,0.9716963090457066,0.9705221056938171,0.9957926945878753,0.28869214468202903,0.9330783938814532,0.9318389296531677,0.9690248565965583
13,0.00029592742023287305,0.10196895933722327,0.9741824440619621,0.9731910824775696,0.9971313826735514,0.28758928288009383,0.9334608030592734,0.9320513010025024,0.9705544933078394
14,0.00029468814167062926,0.0874890710272965,0.9767641996557659,0.9756293296813965,0.9978963472939376,0.2714374126485383,0.9338432122370937,0.9309976696968079,0.9717017208413002
15,0.0002932878233324334,0.0810463835579142,0.9792503346720214,0.9778653979301453,0.9975138649837445,0.29115901677148065,0.935755258126195,0.9348578453063965,0.9690248565965583
16,0.0002917280291953838,0.07181562035335458,0.9810193153566648,0.9800572991371155,0.9982788296041308,0.29258768727173085,0.9338432122370937,0.9330605268478394,0.97131931166348
17,0.00029001050135071956,0.06554706227251621,0.9818320902658252,0.9810729026794434,0.9989481736469689,0.27791668033052813,0.9342256214149139,0.9342125058174133,0.9762906309751435
18,0.0002881371580581261,0.05977183054412362,0.9842704149933066,0.9839985370635986,0.9990916045132913,0.3027154174863039,0.9288718929254303,0.9289814233779907,0.9701720841300191
19,0.00028611009160328394,0.05465730653922926,0.9852744310575636,0.9848154187202454,0.998995983935743,0.2758608612002196,0.9388145315487572,0.937432050704956,0.9732313575525813
20,0.00028393156596105224,0.054007791002671245,0.9863262574105948,0.9857973456382751,0.9993784662459361,0.2791153822072833,0.9369024856596558,0.9337716698646545,0.9759082217973232
21,0.00028160401426689737,0.0437029172643395,0.9880952380952381,0.9874796271324158,0.9995218971122586,0.28686313373864725,0.9376673040152964,0.9371578693389893,0.97131931166348
22,0.00027913003609939083,0.04141202510374982,0.98938611589214,0.9890859127044678,0.9994740868234844,0.31773223220504265,0.9323135755258126,0.9304920434951782,0.97131931166348
23,0.00027651239457681114,0.039216624860338146,0.9896729776247849,0.9894643425941467,0.9995697074010327,0.30259842006471827,0.935755258126195,0.9352784752845764,0.9709369024856597
24,0.0002737540132710932,0.038761192881073867,0.9897685982023331,0.9892921447753906,0.9996175176898069,0.3052030851462603,0.9319311663479923,0.9327770471572876,0.9705544933078394
25,0.00027085797294257064,0.029882531548280473,0.9926372155287818,0.9923305511474609,0.999665327978581,0.31572013749219263,0.9376673040152964,0.9350342750549316,0.9717017208413002
26,0.0002678275080991598,0.03636028531202852,0.9902467010900746,0.9896396398544312,0.9994262765347103,0.32300213363384883,0.935755258126195,0.9354934692382812,0.9736137667304016
27,0.00026466600338382614,0.02814788853318257,0.9924459743736852,0.9922580718994141,0.999665327978581,0.31213113773849227,0.9353728489483748,0.9346747398376465,0.9732313575525813
28,0.00026137698979436963,0.02915322901294573,0.9918244406196214,0.9914618730545044,0.9995697074010327,0.31939970166003956,0.9349904397705545,0.9324848651885986,0.9724665391969407
29,0.00025796414073975043,0.021891396905215937,0.9947408682348441,0.9947018623352051,0.9999043794224517,0.30522497844513696,0.9391969407265774,0.9386547803878784,0.9751434034416826
30,0.000254431267937359,0.02606462431990706,0.9926372155287818,0.9924578070640564,0.9998087588449034,0.30260848597860246,0.9391969407265774,0.9381612539291382,0.9762906309751435
31,0.0002507823171558139,0.022566891309364755,0.9938324727481354,0.9936091899871826,0.9997609485561293,0.3135580675551814,0.9384321223709369,0.9367826581001282,0.9755258126195029
32,0.0002470213638080409,0.018313611264674175,0.9954102122776821,0.9952932000160217,0.9998087588449034,0.3116034152174999,0.9403441682600382,0.9385247230529785,0.97131931166348
33,0.0002431526083995566,0.02002530406927556,0.994023713903232,0.9938340187072754,0.9996175176898069,0.30704351465287216,0.9388145315487572,0.9377872943878174,0.974378585086042
34,0.0002391803718370386,0.02170354196704535,0.993689041881813,0.9936233758926392,0.999665327978581,0.3168604940119027,0.9407265774378585,0.9393110871315002,0.972848948374761
35,0.00023510909060242398,0.018615019481435353,0.9949321093899407,0.9949156045913696,0.9999043794224517,0.3115026539643909,0.9369024856596558,0.9362316727638245,0.9739961759082219
36,0.00023094331179792418,0.013389390247374728,0.9968445209409065,0.9966608285903931,0.9999043794224517,0.3147263364627758,0.9384321223709369,0.9368804693222046,0.9736137667304016
37,0.00022668768806749165,0.021851036750345845,0.9936412315930389,0.9933468103408813,0.9998087588449034,0.31122403591586345,0.9376673040152964,0.937174916267395,0.9762906309751435
38,0.00022234697240040922,0.014815396077809458,0.9967967106521324,0.996474027633667,0.9999521897112259,0.3118810846974243,0.9391969407265774,0.9396774768829346,0.9736137667304016
39,0.00021792601282280717,0.007531299870258183,0.9985178810480015,0.9984346032142639,0.9998565691336776,0.3080590793325158,0.9372848948374761,0.9367586374282837,0.9762906309751435
40,0.0002134297469830361,0.010988972412497461,0.9971791929623255,0.9970028400421143,0.9999043794224517,0.29921033031397976,0.9418738049713193,0.94037926197052,0.9751434034416826
41,0.00020886319663694246,0.010553989889266546,0.9973226238286479,0.9972343444824219,0.9998565691336776,0.30557377270029334,0.9418738049713193,0.9415397644042969,0.972848948374761
42,0.00020423146203920814,0.008002233497198578,0.9981832090265825,0.9980899095535278,1.0,0.3095959745447221,0.9426386233269598,0.9429489374160767,0.9751434034416826
43,0.00019953971624701554,0.004911526606779216,0.9991872250908396,0.9991301894187927,1.0,0.2913701868877812,0.9437858508604207,0.942453145980835,0.9747609942638623
44,0.00019479319934240228,0.006798031885671322,0.9984700707592273,0.9984419941902161,1.0,0.30901099363658896,0.9430210325047801,0.9428832530975342,0.9747609942638623
45,0.00018999721257975725,0.004120722552632307,0.9990916045132913,0.9990558624267578,1.0,0.305541012619923,0.9426386233269598,0.9423606991767883,0.9751434034416826
46,0.00018515711246499546,0.007667589955834066,0.9976094855612928,0.9974122047424316,0.9999521897112259,0.3123110703710844,0.9388145315487572,0.9374743700027466,0.9732313575525813
47,0.00018027830477302344,0.006112103139759706,0.9982788296041308,0.9982731342315674,0.9999043794224517,0.3001101966113935,0.939961759082218,0.9383450150489807,0.9759082217973232
48,0.00017536623851017793,0.008327172884600388,0.9979919678714859,0.9979833960533142,0.9998565691336776,0.317363704003066,0.9395793499043977,0.9378103613853455,0.972848948374761
49,0.00017042639982837996,0.009046589143117928,0.9978007267163894,0.9977384805679321,0.9999521897112259,0.3439182004326844,0.9376673040152964,0.9377505779266357,0.9717017208413002
50,0.0001654643058978027,0.008062287283818019,0.9980875884490342,0.9980166554450989,0.9999043794224517,0.3188896164611466,0.9407265774378585,0.939598023891449,0.9739961759082219
51,0.00016048549874489568,0.007706956206111148,0.9978963472939376,0.9979047179222107,0.9998565691336776,0.3447695372893295,0.9353728489483748,0.9343417882919312,0.9736137667304016
52,0.00015549553906264735,0.005075881752702212,0.9988047427806463,0.9987645149230957,1.0,0.31771859922099066,0.9430210325047801,0.9415174722671509,0.9755258126195029
53,0.0001505,0.0033516778009779805,0.999330655957162,0.9992948174476624,1.0,0.3176622875789839,0.9422562141491396,0.9414573907852173,0.9751434034416826
54,0.0001455044609373527,0.0031595974680377202,0.9993784662459361,0.9992092251777649,1.0,0.3238359396589874,0.9418738049713193,0.9397852420806885,0.9739961759082219
55,0.00014051450125510432,0.0005683635724853596,1.0,1.0,1.0,0.30828996734910896,0.9453154875717017,0.9443628787994385,0.9762906309751435
56,0.0001355356941021973,0.0003671696956973323,1.0,1.0,1.0,0.30774889156421786,0.944168260038241,0.9428794980049133,0.9751434034416826
57,0.0001305736001716201,0.0003343040377963502,1.0,1.0,1.0,0.3109291674758007,0.9445506692160612,0.9434245824813843,0.9759082217973232
58,0.00012563376148982207,0.000357343239093061,1.0,1.0,1.0,0.3148567024654002,0.9445506692160612,0.9433247447013855,0.974378585086042
59,0.00012072169522697653,0.0008538227436853351,0.9998087588449034,0.9997754693031311,1.0,0.3200549999113065,0.9453154875717017,0.9440836906433105,0.974378585086042
60,0.00011584288753500451,0.0008344470907475028,0.9999521897112259,0.999951958656311,1.0,0.3157516366437106,0.9426386233269598,0.9407705068588257,0.9755258126195029
61,0.00011100278742024274,0.0003911910573176243,1.0,1.0,1.0,0.31639810492841963,0.9449330783938814,0.9437978267669678,0.974378585086042
62,0.00010620680065759772,0.0002827006125799331,1.0,1.0,1.0,0.309652952482322,0.9468451242829828,0.9456210136413574,0.9751434034416826
63,0.00010146028375298441,0.0002500845040928715,1.0,1.0,1.0,0.30436156730578917,0.9479923518164436,0.9461118578910828,0.9759082217973232
64,9.676853796079186e-05,0.00027344524468657545,0.9999521897112259,0.9999507069587708,1.0,0.3021136657685668,0.9468451242829828,0.9449634552001953,0.9736137667304016
65,9.213680336305754e-05,0.00024260547761855225,1.0,1.0,1.0,0.30495371225915036,0.9460803059273423,0.9450727105140686,0.9759082217973232
66,8.757025301696394e-05,0.0002104012840845565,1.0,1.0,1.0,0.3003038395431256,0.9476099426386233,0.9465076327323914,0.9751434034416826
67,8.307398717719274e-05,0.0001995883814993949,1.0,1.0,1.0,0.29961682861211425,0.947227533460803,0.945730984210968,0.9755258126195029
68,7.865302759959078e-05,0.00019587553874613993,1.0,1.0,1.0,0.2994096376699882,0.9468451242829828,0.9455181956291199,0.9759082217973232
69,7.431231193250832e-05,0.00016960909179844006,1.0,1.0,1.0,0.2999214733991751,0.9476099426386233,0.9465129375457764,0.9759082217973232
70,7.005668820207579e-05,0.00015188323582853317,1.0,1.0,1.0,0.29977933106869176,0.9476099426386233,0.9465129375457764,0.9762906309751435
71,6.5890909397576e-05,0.00014659702536260125,1.0,1.0,1.0,0.3000799547417898,0.9483747609942639,0.9471560716629028,0.9766730401529636
72,6.18196281629614e-05,0.00015764743473207506,1.0,1.0,1.0,0.30097607745723104,0.9479923518164436,0.9466004967689514,0.9755258126195029
73,5.784739160044341e-05,0.0001459647419687548,1.0,1.0,1.0,0.30087652224655587,0.947227533460803,0.9457838535308838,0.9755258126195029
74,5.397863619195903e-05,0.00015564478601552196,1.0,1.0,1.0,0.29964142793907034,0.9468451242829828,0.9450893998146057,0.9755258126195029
75,5.021768284418612e-05,0.00013852034526929245,1.0,1.0,1.0,0.29901366407055247,0.9468451242829828,0.945200502872467,0.9755258126195029
76,4.6568732062640974e-05,0.0001432517674207529,1.0,1.0,1.0,0.29957644934863936,0.9468451242829828,0.9451838731765747,0.9755258126195029
77,4.3035859260249586e-05,0.0001891584692293882,0.9999521897112259,0.9999362826347351,1.0,0.30168414653829134,0.9468451242829828,0.9457816481590271,0.9755258126195029
78,3.962301020563034e-05,0.0001487792689495669,1.0,1.0,1.0,0.29938753613094526,0.9468451242829828,0.94554603099823,0.9759082217973232
79,3.6333996616173864e-05,0.00014273602023482434,1.0,1.0,1.0,0.2982770215940749,0.9468451242829828,0.94554603099823,0.9759082217973232
80,3.3172491900840177e-05,0.00013065879573433028,1.0,1.0,1.0,0.298803139097604,0.9468451242829828,0.94554603099823,0.9759082217973232
81,3.0142027057429346e-05,0.00014124981393871697,1.0,1.0,1.0,0.29853508294654396,0.9464627151051626,0.9450914859771729,0.9759082217973232
82,2.7245986728906865e-05,0.0001323029447085019,1.0,1.0,1.0,0.2989563724962749,0.9464627151051626,0.9449918270111084,0.9759082217973232
83,2.4487605423188844e-05,0.00013082145186233792,1.0,1.0,1.0,0.29890025341260046,0.9464627151051626,0.9449918270111084,0.9755258126195029
84,2.1869963900609195e-05,0.00012409324555669914,1.0,1.0,1.0,0.29947538065864754,0.9464627151051626,0.9449918270111084,0.9755258126195029
85,1.939598573310261e-05,0.00012249132371084135,1.0,1.0,1.0,0.29937119420126335,0.9464627151051626,0.9449918270111084,0.9755258126195029
86,1.706843403894777e-05,0.00015174483091252158,1.0,1.0,1.0,0.2992852118001613,0.9468451242829828,0.9453043341636658,0.9759082217973232
87,1.4889908396716066e-05,0.00012088248848493744,1.0,1.0,1.0,0.2992815524624593,0.947227533460803,0.9457042813301086,0.9759082217973232
88,1.286284194187388e-05,0.00011876244845664384,1.0,1.0,1.0,0.2996267380723534,0.947227533460803,0.9457042813301086,0.9755258126195029
89,1.0989498649280419e-05,0.0001336230525694311,1.0,1.0,1.0,0.3003019424059195,0.9464627151051626,0.944679319858551,0.9762906309751435
90,9.271970804616158e-06,0.0001207875530436953,1.0,1.0,1.0,0.30008088835794655,0.9468451242829828,0.9453043341636658,0.9762906309751435
91,7.712176667566591e-06,0.00012270897927972626,1.0,1.0,1.0,0.3001247209071201,0.9468451242829828,0.9453043341636658,0.9762906309751435
92,6.31185832937072e-06,0.00011910786249292015,1.0,1.0,1.0,0.2998721897716048,0.9468451242829828,0.9453043341636658,0.9762906309751435
93,5.0725797671269596e-06,0.00011698399818707457,1.0,1.0,1.0,0.3000444857157895,0.9468451242829828,0.9453043341636658,0.9762906309751435
94,3.995725097030281e-06,0.00012076000776259878,1.0,1.0,1.0,0.29980517254276895,0.9468451242829828,0.9453043341636658,0.9762906309751435
95,3.0824970284907293e-06,0.00011596002136412342,1.0,1.0,1.0,0.30002033022120167,0.9468451242829828,0.9453043341636658,0.9762906309751435
96,2.3339155208603853e-06,0.00012328293471098258,1.0,1.0,1.0,0.30013959312074273,0.9468451242829828,0.9453043341636658,0.9762906309751435
97,1.7508166442686317e-06,0.00012182535669074598,1.0,1.0,1.0,0.2998798487063348,0.9468451242829828,0.9453043341636658,0.9762906309751435
98,1.333851645838602e-06,0.00012260141390036766,1.0,1.0,1.0,0.2999670243855872,0.9468451242829828,0.9453043341636658,0.9762906309751435
99,1.0834862223269355e-06,0.00012182915818866475,1.0,1.0,1.0,0.3001827451512645,0.9468451242829828,0.9453043341636658,0.9762906309751435
100,1e-06,0.00011337579131143725,1.0,1.0,1.0,0.2999273668511648,0.9468451242829828,0.9453043341636658,0.9762906309751435
