run_name,model_name,checkpoint,checkpoint_sha256,lr,seed,best_epoch,val_loss,val_top1_accuracy,val_macro_accuracy,val_top5_accuracy,test_loss,test_top1_accuracy,test_macro_accuracy,test_top5_accuracy
mot_base-large_1d-bs.512-ep.300,mot_base_1d,/data/seokhyeon/MotionJEPA/output/mot_base-large_1d-bs.512-ep.300/motion-jepa-1d-latest.pth.tar,30bb77c1974cdb4f5ea5656afcc7cc24485dcb1e9bb2b9f256163f810e705a0a,0.1,42,43,1.0099903259860854,0.768642447418738,0.7623345851898193,0.8940726577437859,1.0400624176702522,0.750956388676358,0.7380913496017456,0.8928844682478959
mot_base-large_1d-bs.512-ep.300,mot_base_1d,/data/seokhyeon/MotionJEPA/output/mot_base-large_1d-bs.512-ep.300/motion-jepa-1d-latest.pth.tar,30bb77c1974cdb4f5ea5656afcc7cc24485dcb1e9bb2b9f256163f810e705a0a,0.3,42,39,1.077938333660877,0.767112810707457,0.7621863484382629,0.8898661567877629,1.1172165640821508,0.7471308339709258,0.735788881778717,0.8940321346595256
mot_base-large_1d-bs.512-ep.300,mot_base_1d,/data/seokhyeon/MotionJEPA/output/mot_base-large_1d-bs.512-ep.300/motion-jepa-1d-latest.pth.tar,30bb77c1974cdb4f5ea5656afcc7cc24485dcb1e9bb2b9f256163f810e705a0a,0.5,42,46,1.2196956233358291,0.7640535372848949,0.7610725164413452,0.8883365200764818,1.2526064291197376,0.7371843917368018,0.7236509919166565,0.8967100229533282
mot_base-large_1d-bs.512-ep.300,mot_base_1d,/data/seokhyeon/MotionJEPA/output/mot_base-large_1d-bs.512-ep.300/motion-jepa-1d-latest.pth.tar,30bb77c1974cdb4f5ea5656afcc7cc24485dcb1e9bb2b9f256163f810e705a0a,0.7,42,47,1.4295228815899297,0.7571701720841301,0.7548030018806458,0.8848948374760994,1.4682893950061755,0.7333588370313695,0.7208728790283203,0.8928844682478959
mot_base-large_1d-bs.512-ep.300,mot_base_1d,/data/seokhyeon/MotionJEPA/output/mot_base-large_1d-bs.512-ep.300/motion-jepa-1d-latest.pth.tar,30bb77c1974cdb4f5ea5656afcc7cc24485dcb1e9bb2b9f256163f810e705a0a,1.0,42,43,1.874886320562709,0.7537284894837476,0.7515756487846375,0.8860420650095602,1.9213043860834613,0.7260902830910482,0.712533712387085,0.8921193573068095
mot_base-small_1d-bs.512-ep.300,mot_base_1d,/data/seokhyeon/MotionJEPA/output/mot_base-small_1d-bs.512-ep.300/motion-jepa-1d-latest.pth.tar,8b42dde186c095b881cfc807e803435d2e72082e71838930e0ebe872a9713244,0.1,42,43,0.774008363246006,0.8363288718929255,0.831061840057373,0.9231357552581262,0.7551676612276108,0.8335883703136955,0.8233178853988647,0.9223412394797246
mot_base-small_1d-bs.512-ep.300,mot_base_1d,/data/seokhyeon/MotionJEPA/output/mot_base-small_1d-bs.512-ep.300/motion-jepa-1d-latest.pth.tar,8b42dde186c095b881cfc807e803435d2e72082e71838930e0ebe872a9713244,0.3,42,46,0.7737484554487706,0.8424474187380497,0.8371064066886902,0.9326959847036329,0.7651603789209134,0.8416220351951033,0.8320133686065674,0.9265493496557001
mot_base-small_1d-bs.512-ep.300,mot_base_1d,/data/seokhyeon/MotionJEPA/output/mot_base-small_1d-bs.512-ep.300/motion-jepa-1d-latest.pth.tar,8b42dde186c095b881cfc807e803435d2e72082e71838930e0ebe872a9713244,0.5,42,40,0.8640982720865574,0.838623326959847,0.8314914107322693,0.9288718929254303,0.867706602369453,0.8316755929609794,0.8226549029350281,0.9292272379495027
mot_base-small_1d-bs.512-ep.300,mot_base_1d,/data/seokhyeon/MotionJEPA/output/mot_base-small_1d-bs.512-ep.300/motion-jepa-1d-latest.pth.tar,8b42dde186c095b881cfc807e803435d2e72082e71838930e0ebe872a9713244,0.7,42,40,1.020576552907094,0.8340344168260039,0.8267580270767212,0.9304015296367113,1.0315946770152156,0.8259372609028309,0.816479504108429,0.9284621270084162
mot_base-small_1d-bs.512-ep.300,mot_base_1d,/data/seokhyeon/MotionJEPA/output/mot_base-small_1d-bs.512-ep.300/motion-jepa-1d-latest.pth.tar,8b42dde186c095b881cfc807e803435d2e72082e71838930e0ebe872a9713244,1.0,42,45,1.3515063809163257,0.8305927342256214,0.8235475420951843,0.9265774378585087,1.3621526570746985,0.8198163733741393,0.8093675374984741,0.9242540168324407
mot_base_1d-bs.512-ep.300,mot_base_1d,/data/seokhyeon/MotionJEPA/output/mot_base_1d-bs.512-ep.300/motion-jepa-1d-latest.pth.tar,714f25a0c402deea68d42ecefb913378039a522670d7d07ba60a8bbf37ee710d,0.1,42,37,1.0930842660353244,0.749904397705545,0.7422235608100891,0.8925430210325048,1.1073031056994413,0.749043611323642,0.7334351539611816,0.8902065799540934
mot_base_1d-bs.512-ep.300,mot_base_1d,/data/seokhyeon/MotionJEPA/output/mot_base_1d-bs.512-ep.300/motion-jepa-1d-latest.pth.tar,714f25a0c402deea68d42ecefb913378039a522670d7d07ba60a8bbf37ee710d,0.3,42,36,1.0639392480795515,0.7590822179732314,0.7506322264671326,0.9009560229445507,1.0722891290222494,0.7555470543228768,0.7399076223373413,0.8932670237184391
mot_base_1d-bs.512-ep.300,mot_base_1d,/data/seokhyeon/MotionJEPA/output/mot_base_1d-bs.512-ep.300/motion-jepa-1d-latest.pth.tar,714f25a0c402deea68d42ecefb913378039a522670d7d07ba60a8bbf37ee710d,0.5,42,36,1.1139433523437032,0.7548757170172085,0.7469789981842041,0.8998087954110898,1.1098331518545348,0.749043611323642,0.734833836555481,0.8944146901300689
mot_base_1d-bs.512-ep.300,mot_base_1d,/data/seokhyeon/MotionJEPA/output/mot_base_1d-bs.512-ep.300/motion-jepa-1d-latest.pth.tar,714f25a0c402deea68d42ecefb913378039a522670d7d07ba60a8bbf37ee710d,0.7,42,45,1.1746585109265766,0.7502868068833652,0.7416147589683533,0.9005736137667304,1.1525715373359569,0.7521040550879877,0.7376353740692139,0.8970925784238715
mot_base_1d-bs.512-ep.300,mot_base_1d,/data/seokhyeon/MotionJEPA/output/mot_base_1d-bs.512-ep.300/motion-jepa-1d-latest.pth.tar,714f25a0c402deea68d42ecefb913378039a522670d7d07ba60a8bbf37ee710d,1.0,42,47,1.3023382708401798,0.7430210325047801,0.7330304980278015,0.8975143403441682,1.2621328650126498,0.7486610558530987,0.7350417375564575,0.8986228003060444
mot_giant_1d-bs.512-ep.300,mot_giant_1d,/data/seokhyeon/MotionJEPA/output/mot_giant_1d-bs.512-ep.300/motion-jepa-1d-latest.pth.tar,f1109bc53e367c006456fb0d98537459bfc0cfd961e510ceaea691af9f62fae8,0.1,42,43,0.5372481905935371,0.8944550669216061,0.8943261504173279,0.9426386233269598,0.524391320249737,0.8955623565416986,0.8877270221710205,0.9437643458301453
mot_giant_1d-bs.512-ep.300,mot_giant_1d,/data/seokhyeon/MotionJEPA/output/mot_giant_1d-bs.512-ep.300/motion-jepa-1d-latest.pth.tar,f1109bc53e367c006456fb0d98537459bfc0cfd961e510ceaea691af9f62fae8,0.3,42,48,0.4503629622450294,0.9051625239005736,0.9037481546401978,0.9499043977055449,0.436681057171869,0.9074215761285387,0.8998970985412598,0.9537107880642693
mot_giant_1d-bs.512-ep.300,mot_giant_1d,/data/seokhyeon/MotionJEPA/output/mot_giant_1d-bs.512-ep.300/motion-jepa-1d-latest.pth.tar,f1109bc53e367c006456fb0d98537459bfc0cfd961e510ceaea691af9f62fae8,0.5,42,42,0.5102078731383693,0.904397705544933,0.9030888080596924,0.9521988527724665,0.4890456195997663,0.9051262433052792,0.898039698600769,0.9567712318286151
mot_giant_1d-bs.512-ep.300,mot_giant_1d,/data/seokhyeon/MotionJEPA/output/mot_giant_1d-bs.512-ep.300/motion-jepa-1d-latest.pth.tar,f1109bc53e367c006456fb0d98537459bfc0cfd961e510ceaea691af9f62fae8,0.7,42,46,0.6296137713109557,0.9051625239005736,0.9029608964920044,0.9502868068833652,0.6026443490201312,0.9032134659525631,0.8953884243965149,0.9556235654169855
mot_giant_1d-bs.512-ep.300,mot_giant_1d,/data/seokhyeon/MotionJEPA/output/mot_giant_1d-bs.512-ep.300/motion-jepa-1d-latest.pth.tar,f1109bc53e367c006456fb0d98537459bfc0cfd961e510ceaea691af9f62fae8,1.0,42,46,0.858079161197232,0.902868068833652,0.9013750553131104,0.9506692160611855,0.8369772866562112,0.9062739097169089,0.8987647891044617,0.9537107880642693
mot_huge-giant_1d-bs.512-ep.300,mot_huge_1d,/data/seokhyeon/MotionJEPA/output/mot_huge-giant_1d-bs.512-ep.300/motion-jepa-1d-latest.pth.tar,52a0a3d100249d6d6769bde7c890a9238c7f822869aae22e49857c8b265f6cd1,0.1,42,39,0.6099407553444857,0.8684512428298279,0.8645345568656921,0.9426386233269598,0.6266908127566558,0.8615149196633511,0.8508837223052979,0.9345830145371079
mot_huge-giant_1d-bs.512-ep.300,mot_huge_1d,/data/seokhyeon/MotionJEPA/output/mot_huge-giant_1d-bs.512-ep.300/motion-jepa-1d-latest.pth.tar,52a0a3d100249d6d6769bde7c890a9238c7f822869aae22e49857c8b265f6cd1,0.3,42,43,0.5524076881189875,0.8745697896749522,0.8715294599533081,0.9479923518164436,0.5700408721024879,0.8664881407804131,0.8581937551498413,0.9441469013006886
mot_huge-giant_1d-bs.512-ep.300,mot_huge_1d,/data/seokhyeon/MotionJEPA/output/mot_huge-giant_1d-bs.512-ep.300/motion-jepa-1d-latest.pth.tar,52a0a3d100249d6d6769bde7c890a9238c7f822869aae22e49857c8b265f6cd1,0.5,42,43,0.5624619901522168,0.8734225621414914,0.8701910376548767,0.9476099426386233,0.5869345471616364,0.8661055853098699,0.8586239814758301,0.9429992348890589
mot_huge-giant_1d-bs.512-ep.300,mot_huge_1d,/data/seokhyeon/MotionJEPA/output/mot_huge-giant_1d-bs.512-ep.300/motion-jepa-1d-latest.pth.tar,52a0a3d100249d6d6769bde7c890a9238c7f822869aae22e49857c8b265f6cd1,0.7,42,43,0.5876159033401518,0.8734225621414914,0.8707212805747986,0.9479923518164436,0.6191133500604841,0.8649579188982403,0.857099711894989,0.9418515684774292
mot_huge-giant_1d-bs.512-ep.300,mot_huge_1d,/data/seokhyeon/MotionJEPA/output/mot_huge-giant_1d-bs.512-ep.300/motion-jepa-1d-latest.pth.tar,52a0a3d100249d6d6769bde7c890a9238c7f822869aae22e49857c8b265f6cd1,1.0,42,43,0.6581568329557634,0.869980879541109,0.8669174909591675,0.9495219885277246,0.7021460296000427,0.8584544758990054,0.8506082892417908,0.941469013006886
mot_huge-large_1d-bs.512-ep.300,mot_huge_1d,/data/seokhyeon/MotionJEPA/output/mot_huge-large_1d-bs.512-ep.300/motion-jepa-1d-latest.pth.tar,9e5e1c63fc166553691c49fcc25b64ad256a408ae9fea4abbd11233750b2321f,0.1,42,41,0.7938086806930046,0.8233269598470363,0.8216274976730347,0.9216061185468452,0.7778634039974431,0.8240244835501148,0.8128454685211182,0.9227237949502678
mot_huge-large_1d-bs.512-ep.300,mot_huge_1d,/data/seokhyeon/MotionJEPA/output/mot_huge-large_1d-bs.512-ep.300/motion-jepa-1d-latest.pth.tar,9e5e1c63fc166553691c49fcc25b64ad256a408ae9fea4abbd11233750b2321f,0.3,42,43,0.7918118471397269,0.8240917782026769,0.8221490979194641,0.9239005736137668,0.7670418076051859,0.8247895944912013,0.8131330013275146,0.9254016832440703
mot_huge-large_1d-bs.512-ep.300,mot_huge_1d,/data/seokhyeon/MotionJEPA/output/mot_huge-large_1d-bs.512-ep.300/motion-jepa-1d-latest.pth.tar,9e5e1c63fc166553691c49fcc25b64ad256a408ae9fea4abbd11233750b2321f,0.5,42,44,0.8749765487291616,0.8210325047801147,0.8199631571769714,0.9227533460803059,0.8497074735739255,0.8156082631981637,0.8043939471244812,0.9257842387146136
mot_huge-large_1d-bs.512-ep.300,mot_huge_1d,/data/seokhyeon/MotionJEPA/output/mot_huge-large_1d-bs.512-ep.300/motion-jepa-1d-latest.pth.tar,9e5e1c63fc166553691c49fcc25b64ad256a408ae9fea4abbd11233750b2321f,0.7,42,36,1.0570856944096931,0.8164435946462715,0.8145850896835327,0.9235181644359465,1.0289840960922183,0.8117827084927315,0.8003553748130798,0.9238714613618975
mot_huge-large_1d-bs.512-ep.300,mot_huge_1d,/data/seokhyeon/MotionJEPA/output/mot_huge-large_1d-bs.512-ep.300/motion-jepa-1d-latest.pth.tar,9e5e1c63fc166553691c49fcc25b64ad256a408ae9fea4abbd11233750b2321f,1.0,42,41,1.4106244132805965,0.8133843212237094,0.8121634125709534,0.9208413001912046,1.3667200784602964,0.8075745983167559,0.7944679856300354,0.923106350420811
mot_huge_1d-bs.512-ep.300,mot_huge_1d,/data/seokhyeon/MotionJEPA/output/mot_huge_1d-bs.512-ep.300/motion-jepa-1d-latest.pth.tar,9a696a42b17d83fd2277b2839ef27a265858f20221bb8e4c0fb47b864e08c8c2,0.1,42,41,0.5833447436301704,0.8738049713193117,0.8718826174736023,0.939961759082218,0.588960128790017,0.8653404743687835,0.8552855849266052,0.9429992348890589
mot_huge_1d-bs.512-ep.300,mot_huge_1d,/data/seokhyeon/MotionJEPA/output/mot_huge_1d-bs.512-ep.300/motion-jepa-1d-latest.pth.tar,9a696a42b17d83fd2277b2839ef27a265858f20221bb8e4c0fb47b864e08c8c2,0.3,42,45,0.5411319145508979,0.8803059273422562,0.8793887495994568,0.9476099426386233,0.5356052868586966,0.8703136954858455,0.8594539761543274,0.9502677888293802
mot_huge_1d-bs.512-ep.300,mot_huge_1d,/data/seokhyeon/MotionJEPA/output/mot_huge_1d-bs.512-ep.300/motion-jepa-1d-latest.pth.tar,9a696a42b17d83fd2277b2839ef27a265858f20221bb8e4c0fb47b864e08c8c2,0.5,42,34,0.5578176903223216,0.8760994263862333,0.875801682472229,0.9487571701720842,0.5503730022369128,0.8676358071920428,0.8566603064537048,0.9517980107115531
mot_huge_1d-bs.512-ep.300,mot_huge_1d,/data/seokhyeon/MotionJEPA/output/mot_huge_1d-bs.512-ep.300/motion-jepa-1d-latest.pth.tar,9a696a42b17d83fd2277b2839ef27a265858f20221bb8e4c0fb47b864e08c8c2,0.7,42,33,0.5898904147613117,0.875717017208413,0.8734656572341919,0.9495219885277246,0.5796542455881902,0.8657230298393267,0.853137195110321,0.9495026778882938
mot_huge_1d-bs.512-ep.300,mot_huge_1d,/data/seokhyeon/MotionJEPA/output/mot_huge_1d-bs.512-ep.300/motion-jepa-1d-latest.pth.tar,9a696a42b17d83fd2277b2839ef27a265858f20221bb8e4c0fb47b864e08c8c2,1.0,42,33,0.6650584306589276,0.8715105162523901,0.8693245053291321,0.9495219885277246,0.6546481613357649,0.8622800306044377,0.8499687910079956,0.9495026778882938
mot_large-base_1d-bs.512-ep.300,mot_large_1d,/data/seokhyeon/MotionJEPA/output/mot_large-base_1d-bs.512-ep.300/motion-jepa-1d-latest.pth.tar,7ab2e9c1e1b8886fc08ce388e2be5950b4a112bd1e01d2071c0d881dcee6e5f7,0.1,42,48,1.5180258114524827,0.664244741873805,0.6600745916366577,0.8439770554493308,1.56670878730663,0.6491966335118592,0.6320270895957947,0.8427697016067329
mot_large-base_1d-bs.512-ep.300,mot_large_1d,/data/seokhyeon/MotionJEPA/output/mot_large-base_1d-bs.512-ep.300/motion-jepa-1d-latest.pth.tar,7ab2e9c1e1b8886fc08ce388e2be5950b4a112bd1e01d2071c0d881dcee6e5f7,0.3,42,48,1.502179704888601,0.681453154875717,0.6785526871681213,0.8592734225621415,1.5644117062020686,0.6813312930374904,0.6672235131263733,0.8519510328997705
mot_large-base_1d-bs.512-ep.300,mot_large_1d,/data/seokhyeon/MotionJEPA/output/mot_large-base_1d-bs.512-ep.300/motion-jepa-1d-latest.pth.tar,7ab2e9c1e1b8886fc08ce388e2be5950b4a112bd1e01d2071c0d881dcee6e5f7,0.5,42,46,2.115722697095707,0.6795411089866157,0.679470419883728,0.8546845124282982,2.224265491862104,0.6713848508033665,0.6569453477859497,0.8530986993114001
mot_large-base_1d-bs.512-ep.300,mot_large_1d,/data/seokhyeon/MotionJEPA/output/mot_large-base_1d-bs.512-ep.300/motion-jepa-1d-latest.pth.tar,7ab2e9c1e1b8886fc08ce388e2be5950b4a112bd1e01d2071c0d881dcee6e5f7,0.7,42,46,2.8395752186529037,0.6760994263862332,0.6752054691314697,0.8543021032504781,2.9701016578586756,0.6767406273909717,0.6636762022972107,0.8492731446059678
mot_large-base_1d-bs.512-ep.300,mot_large_1d,/data/seokhyeon/MotionJEPA/output/mot_large-base_1d-bs.512-ep.300/motion-jepa-1d-latest.pth.tar,7ab2e9c1e1b8886fc08ce388e2be5950b4a112bd1e01d2071c0d881dcee6e5f7,1.0,42,47,3.971886005000448,0.6776290630975144,0.6760140061378479,0.8543021032504781,4.160347446012606,0.6675592960979342,0.6536204814910889,0.851185921958684
mot_large-huge_1d-bs.512-ep.300,mot_large_1d,/data/seokhyeon/MotionJEPA/output/mot_large-huge_1d-bs.512-ep.300/motion-jepa-1d-latest.pth.tar,483dd0ea55ae11fa7d2a516ed2b2512267349266de7eeb4e5346edbeac7db08a,0.1,42,39,1.2385490052786658,0.7269598470363289,0.7218244671821594,0.8780114722753346,1.2724764137297253,0.7165263963274675,0.7035161852836609,0.872991583779648
mot_large-huge_1d-bs.512-ep.300,mot_large_1d,/data/seokhyeon/MotionJEPA/output/mot_large-huge_1d-bs.512-ep.300/motion-jepa-1d-latest.pth.tar,483dd0ea55ae11fa7d2a516ed2b2512267349266de7eeb4e5346edbeac7db08a,0.3,42,39,1.7788288590557033,0.708604206500956,0.7047144174575806,0.8703632887189292,1.8335429412678352,0.693955623565417,0.6801632642745972,0.8641928079571538
mot_large-huge_1d-bs.512-ep.300,mot_large_1d,/data/seokhyeon/MotionJEPA/output/mot_large-huge_1d-bs.512-ep.300/motion-jepa-1d-latest.pth.tar,483dd0ea55ae11fa7d2a516ed2b2512267349266de7eeb4e5346edbeac7db08a,0.5,42,44,2.7344147487078754,0.7043977055449331,0.7009516954421997,0.8676864244741874,2.8020997488872643,0.688982402448355,0.6742861866950989,0.8649579188982403
mot_large-huge_1d-bs.512-ep.300,mot_large_1d,/data/seokhyeon/MotionJEPA/output/mot_large-huge_1d-bs.512-ep.300/motion-jepa-1d-latest.pth.tar,483dd0ea55ae11fa7d2a516ed2b2512267349266de7eeb4e5346edbeac7db08a,0.7,42,31,4.1102984689161834,0.7013384321223709,0.6971242427825928,0.8650095602294455,4.16942139372355,0.6817138485080336,0.6673085689544678,0.8641928079571538
mot_large-huge_1d-bs.512-ep.300,mot_large_1d,/data/seokhyeon/MotionJEPA/output/mot_large-huge_1d-bs.512-ep.300/motion-jepa-1d-latest.pth.tar,483dd0ea55ae11fa7d2a516ed2b2512267349266de7eeb4e5346edbeac7db08a,1.0,42,33,5.752281384440726,0.697131931166348,0.6919274926185608,0.8688336520076482,5.99824989744973,0.6928079571537873,0.6795879602432251,0.8553940321346595
mot_large_1d-bs.512-ep.300,mot_large_1d,/data/seokhyeon/MotionJEPA/output/mot_large_1d-bs.512-ep.300/motion-jepa-1d-latest.pth.tar,8d136e582607f0558695d21cd96edb171e398edd593d63fd5c44571c64f342a8,0.1,42,45,0.7718377589267709,0.8279158699808795,0.8241565227508545,0.930019120458891,0.8089543935809321,0.814460596786534,0.8048403859138489,0.9223412394797246
mot_large_1d-bs.512-ep.300,mot_large_1d,/data/seokhyeon/MotionJEPA/output/mot_large_1d-bs.512-ep.300/motion-jepa-1d-latest.pth.tar,8d136e582607f0558695d21cd96edb171e398edd593d63fd5c44571c64f342a8,0.3,42,31,0.7956803542478135,0.8260038240917782,0.8193903565406799,0.9319311663479923,0.8210843866256329,0.8083397092578424,0.798738420009613,0.928079571537873
mot_large_1d-bs.512-ep.300,mot_large_1d,/data/seokhyeon/MotionJEPA/output/mot_large_1d-bs.512-ep.300/motion-jepa-1d-latest.pth.tar,8d136e582607f0558695d21cd96edb171e398edd593d63fd5c44571c64f342a8,0.5,42,41,0.8800012555678534,0.8210325047801147,0.8159593939781189,0.9330783938814532,0.8954741909199301,0.8133129303749044,0.8041415214538574,0.9303749043611323
mot_large_1d-bs.512-ep.300,mot_large_1d,/data/seokhyeon/MotionJEPA/output/mot_large_1d-bs.512-ep.300/motion-jepa-1d-latest.pth.tar,8d136e582607f0558695d21cd96edb171e398edd593d63fd5c44571c64f342a8,0.7,42,33,1.0528506539747775,0.815678776290631,0.8089324235916138,0.9288718929254303,1.0580171426015677,0.8041315990818668,0.7933644652366638,0.9265493496557001
mot_large_1d-bs.512-ep.300,mot_large_1d,/data/seokhyeon/MotionJEPA/output/mot_large_1d-bs.512-ep.300/motion-jepa-1d-latest.pth.tar,8d136e582607f0558695d21cd96edb171e398edd593d63fd5c44571c64f342a8,1.0,42,33,1.4080967948723933,0.8084130019120459,0.8011533617973328,0.9265774378585087,1.4066644973579763,0.8018362662586075,0.7904506921768188,0.9257842387146136
mot_small-base_1d-bs.512-ep.300,mot_small_1d,/data/seokhyeon/MotionJEPA/output/mot_small-base_1d-bs.512-ep.300/motion-jepa-1d-latest.pth.tar,3114d08474c80df9ec23cb45a024ff80e79c1a63f63d2ffb4ae5fa568b9915c8,0.1,42,29,1.0402206683477981,0.7667304015296367,0.7651249766349792,0.8956022944550669,1.0436873695005784,0.7555470543228768,0.7415256500244141,0.8917368018362662
mot_small-base_1d-bs.512-ep.300,mot_small_1d,/data/seokhyeon/MotionJEPA/output/mot_small-base_1d-bs.512-ep.300/motion-jepa-1d-latest.pth.tar,3114d08474c80df9ec23cb45a024ff80e79c1a63f63d2ffb4ae5fa568b9915c8,0.3,42,49,1.016720620441619,0.7759082217973231,0.7767040133476257,0.9066921606118546,1.0186783192991389,0.7639632746748278,0.7512710690498352,0.9001530221882172
mot_small-base_1d-bs.512-ep.300,mot_small_1d,/data/seokhyeon/MotionJEPA/output/mot_small-base_1d-bs.512-ep.300/motion-jepa-1d-latest.pth.tar,3114d08474c80df9ec23cb45a024ff80e79c1a63f63d2ffb4ae5fa568b9915c8,0.5,42,39,1.071942978926416,0.7713193116634799,0.7689584493637085,0.9078393881453155,1.081393784024648,0.7586074980872226,0.7451536655426025,0.8993879112471308
mot_small-base_1d-bs.512-ep.300,mot_small_1d,/data/seokhyeon/MotionJEPA/output/mot_small-base_1d-bs.512-ep.300/motion-jepa-1d-latest.pth.tar,3114d08474c80df9ec23cb45a024ff80e79c1a63f63d2ffb4ae5fa568b9915c8,0.7,42,43,1.1557577567164345,0.7678776290630975,0.7664797306060791,0.9066921606118546,1.1533824450748973,0.7517214996174445,0.7401933073997498,0.8974751338944147
mot_small-base_1d-bs.512-ep.300,mot_small_1d,/data/seokhyeon/MotionJEPA/output/mot_small-base_1d-bs.512-ep.300/motion-jepa-1d-latest.pth.tar,3114d08474c80df9ec23cb45a024ff80e79c1a63f63d2ffb4ae5fa568b9915c8,1.0,42,42,1.3330597157232165,0.7602294455066921,0.7564113140106201,0.9024856596558317,1.3244204284037537,0.7501912777352716,0.7390687465667725,0.8959449120122418
mot_small-tiny_1d-bs.512-ep.300,mot_small_1d,/data/seokhyeon/MotionJEPA/output/mot_small-tiny_1d-bs.512-ep.300/motion-jepa-1d-latest.pth.tar,10c2a0d7cbea0687d1662318e1d3fc37661315e60525d9c146e7e93240a9680a,0.1,42,46,1.5001022338867187,0.6860420650095602,0.6829104423522949,0.8474187380497132,1.5320338721300868,0.6641162968630452,0.6495001912117004,0.8481254781943381
mot_small-tiny_1d-bs.512-ep.300,mot_small_1d,/data/seokhyeon/MotionJEPA/output/mot_small-tiny_1d-bs.512-ep.300/motion-jepa-1d-latest.pth.tar,10c2a0d7cbea0687d1662318e1d3fc37661315e60525d9c146e7e93240a9680a,0.3,42,44,1.2325595717129243,0.7219885277246654,0.7170037627220154,0.8703632887189292,1.2400707676835705,0.7169089517980107,0.7028872966766357,0.8752869166029075
mot_small-tiny_1d-bs.512-ep.300,mot_small_1d,/data/seokhyeon/MotionJEPA/output/mot_small-tiny_1d-bs.512-ep.300/motion-jepa-1d-latest.pth.tar,10c2a0d7cbea0687d1662318e1d3fc37661315e60525d9c146e7e93240a9680a,0.5,42,49,1.1482676365635363,0.7365200764818356,0.7324752807617188,0.8803059273422562,1.1427098896636612,0.7322111706197398,0.7173933386802673,0.8837031369548585
mot_small-tiny_1d-bs.512-ep.300,mot_small_1d,/data/seokhyeon/MotionJEPA/output/mot_small-tiny_1d-bs.512-ep.300/motion-jepa-1d-latest.pth.tar,10c2a0d7cbea0687d1662318e1d3fc37661315e60525d9c146e7e93240a9680a,0.7,42,48,1.1134851131110985,0.7388145315487572,0.7362885475158691,0.8841300191204589,1.1042226617721171,0.7383320581484315,0.723583459854126,0.8852333588370314
mot_small-tiny_1d-bs.512-ep.300,mot_small_1d,/data/seokhyeon/MotionJEPA/output/mot_small-tiny_1d-bs.512-ep.300/motion-jepa-1d-latest.pth.tar,10c2a0d7cbea0687d1662318e1d3fc37661315e60525d9c146e7e93240a9680a,1.0,42,44,1.13413288415504,0.7388145315487572,0.7354062795639038,0.8829827915869981,1.123059387323778,0.7379495026778883,0.7235636711120605,0.8921193573068095
mot_small_1d-bs.512-ep.300,mot_small_1d,/data/seokhyeon/MotionJEPA/output/mot_small_1d-bs.512-ep.300/motion-jepa-1d-latest.pth.tar,2fcb85118f8aea5338fdb45a1531bfd3bbe92864d058a857c64d8b4772616927,0.1,42,48,1.5042733858010053,0.6837476099426386,0.6798107624053955,0.8596558317399617,1.5035209772508384,0.6912777352716144,0.6727281212806702,0.8592195868400918
mot_small_1d-bs.512-ep.300,mot_small_1d,/data/seokhyeon/MotionJEPA/output/mot_small_1d-bs.512-ep.300/motion-jepa-1d-latest.pth.tar,2fcb85118f8aea5338fdb45a1531bfd3bbe92864d058a857c64d8b4772616927,0.3,42,48,1.1817747068678672,0.7380497131931166,0.7353568077087402,0.88565965583174,1.1730248160095915,0.74407039020658,0.7271981835365295,0.8886763580719205
mot_small_1d-bs.512-ep.300,mot_small_1d,/data/seokhyeon/MotionJEPA/output/mot_small_1d-bs.512-ep.300/motion-jepa-1d-latest.pth.tar,2fcb85118f8aea5338fdb45a1531bfd3bbe92864d058a857c64d8b4772616927,0.5,42,49,1.0809590414422876,0.7544933078393882,0.7509147524833679,0.8952198852772466,1.0719989405940669,0.7586074980872226,0.7424730062484741,0.8982402448355011
mot_small_1d-bs.512-ep.300,mot_small_1d,/data/seokhyeon/MotionJEPA/output/mot_small_1d-bs.512-ep.300/motion-jepa-1d-latest.pth.tar,2fcb85118f8aea5338fdb45a1531bfd3bbe92864d058a857c64d8b4772616927,0.7,42,42,1.041596108139359,0.7652007648183556,0.7630821466445923,0.897131931166348,1.0313995174533461,0.7605202754399388,0.745628297328949,0.8993879112471308
mot_small_1d-bs.512-ep.300,mot_small_1d,/data/seokhyeon/MotionJEPA/output/mot_small_1d-bs.512-ep.300/motion-jepa-1d-latest.pth.tar,2fcb85118f8aea5338fdb45a1531bfd3bbe92864d058a857c64d8b4772616927,1.0,42,50,0.9899013409878966,0.7644359464627151,0.7609907388687134,0.9036328871892926,0.9789582685194768,0.7719969395562356,0.7581361532211304,0.9043611323641928
mot_tiny-small_1d-bs.512-ep.300,mot_tiny_1d,/data/seokhyeon/MotionJEPA/output/mot_tiny-small_1d-bs.512-ep.300/motion-jepa-1d-latest.pth.tar,9d74f8f927d06edcebbde3f5c6d21cb59a090a7346a40a4c80fb34bf0ce0ac01,0.1,42,43,1.2280676190757387,0.720076481835564,0.7162356376647949,0.8661567877629063,1.2421428910994585,0.7107880642693191,0.6945733428001404,0.8684009181331293
mot_tiny-small_1d-bs.512-ep.300,mot_tiny_1d,/data/seokhyeon/MotionJEPA/output/mot_tiny-small_1d-bs.512-ep.300/motion-jepa-1d-latest.pth.tar,9d74f8f927d06edcebbde3f5c6d21cb59a090a7346a40a4c80fb34bf0ce0ac01,0.3,42,48,1.1148026913119549,0.7319311663479924,0.7285510897636414,0.8848948374760994,1.1193242032927415,0.7291507268553941,0.7122495174407959,0.886381025248661
mot_tiny-small_1d-bs.512-ep.300,mot_tiny_1d,/data/seokhyeon/MotionJEPA/output/mot_tiny-small_1d-bs.512-ep.300/motion-jepa-1d-latest.pth.tar,9d74f8f927d06edcebbde3f5c6d21cb59a090a7346a40a4c80fb34bf0ce0ac01,0.5,42,49,1.1168210469058093,0.735755258126195,0.7319607734680176,0.8891013384321224,1.118514457183114,0.735654169854629,0.7196662425994873,0.8859984697781178
mot_tiny-small_1d-bs.512-ep.300,mot_tiny_1d,/data/seokhyeon/MotionJEPA/output/mot_tiny-small_1d-bs.512-ep.300/motion-jepa-1d-latest.pth.tar,9d74f8f927d06edcebbde3f5c6d21cb59a090a7346a40a4c80fb34bf0ce0ac01,0.7,42,48,1.1767552260914906,0.7361376673040153,0.7326072454452515,0.8887189292543021,1.1744943413008417,0.7360367253251722,0.7206286787986755,0.8856159143075746
mot_tiny-small_1d-bs.512-ep.300,mot_tiny_1d,/data/seokhyeon/MotionJEPA/output/mot_tiny-small_1d-bs.512-ep.300/motion-jepa-1d-latest.pth.tar,9d74f8f927d06edcebbde3f5c6d21cb59a090a7346a40a4c80fb34bf0ce0ac01,1.0,42,47,1.3657104215020204,0.7307839388145315,0.7278298139572144,0.8902485659655832,1.3649147197136737,0.7272379495026778,0.7129954695701599,0.8859984697781178
mot_tiny_1d-bs.512-ep.300,mot_tiny_1d,/data/seokhyeon/MotionJEPA/output/mot_tiny_1d-bs.512-ep.300/motion-jepa-1d-latest.pth.tar,e5f6eb8a55f49db2f54608cca8fcddd655bef642d848d44b159ee24242b32571,0.1,42,32,0.8420212441147171,0.8187380497131931,0.8146591186523438,0.9173996175908222,0.815605435010214,0.8171384850803366,0.8078858852386475,0.9242540168324407
mot_tiny_1d-bs.512-ep.300,mot_tiny_1d,/data/seokhyeon/MotionJEPA/output/mot_tiny_1d-bs.512-ep.300/motion-jepa-1d-latest.pth.tar,e5f6eb8a55f49db2f54608cca8fcddd655bef642d848d44b159ee24242b32571,0.3,42,36,0.7924542851931279,0.8252390057361376,0.8223007917404175,0.924282982791587,0.7761001754737393,0.8213465952563122,0.8133018612861633,0.9299923488905891
mot_tiny_1d-bs.512-ep.300,mot_tiny_1d,/data/seokhyeon/MotionJEPA/output/mot_tiny_1d-bs.512-ep.300/motion-jepa-1d-latest.pth.tar,e5f6eb8a55f49db2f54608cca8fcddd655bef642d848d44b159ee24242b32571,0.5,42,36,0.8153803101461202,0.8202676864244742,0.8172572255134583,0.924282982791587,0.8091937184060176,0.8175210405508799,0.808634877204895,0.9322876817138485
mot_tiny_1d-bs.512-ep.300,mot_tiny_1d,/data/seokhyeon/MotionJEPA/output/mot_tiny_1d-bs.512-ep.300/motion-jepa-1d-latest.pth.tar,e5f6eb8a55f49db2f54608cca8fcddd655bef642d848d44b159ee24242b32571,0.7,42,36,0.859156268322217,0.8179732313575526,0.8144975900650024,0.9250478011472275,0.8585565854505263,0.8152257077276205,0.806663453578949,0.931522570772762
mot_tiny_1d-bs.512-ep.300,mot_tiny_1d,/data/seokhyeon/MotionJEPA/output/mot_tiny_1d-bs.512-ep.300/motion-jepa-1d-latest.pth.tar,e5f6eb8a55f49db2f54608cca8fcddd655bef642d848d44b159ee24242b32571,1.0,42,43,0.9462702049124081,0.8133843212237094,0.8090569972991943,0.9204588910133843,0.9377895244315279,0.8133129303749044,0.8039829730987549,0.931522570772762
